Date,Date,Close
2010-01-04,2010-01-04,313.68
2010-01-05,2010-01-05,312.3
2010-01-06,2010-01-06,304.43
2010-01-07,2010-01-07,297.34
2010-01-08,2010-01-08,301.3
2010-01-11,2010-01-11,300.85
2010-01-12,2010-01-12,295.53
2010-01-13,2010-01-13,293.83
2010-01-14,2010-01-14,295.21
2010-01-15,2010-01-15,290.28
2010-01-19,2010-01-19,294.09
2010-01-20,2010-01-20,290.49
2010-01-21,2010-01-21,291.77
2010-01-22,2010-01-22,275.27
2010-01-25,2010-01-25,270.26
2010-01-26,2010-01-26,271.47
2010-01-27,2010-01-27,271.31
2010-01-28,2010-01-28,267.4
2010-01-29,2010-01-29,265.23
2010-02-01,2010-02-01,266.77
2010-02-02,2010-02-02,265.82
2010-02-03,2010-02-03,270.67
2010-02-04,2010-02-04,263.64
2010-02-05,2010-02-05,265.9
2010-02-08,2010-02-08,266.99
2010-02-09,2010-02-09,268.48
2010-02-10,2010-02-10,267.48
2010-02-11,2010-02-11,268.46
2010-02-12,2010-02-12,266.82
2010-02-16,2010-02-16,270.91
2010-02-17,2010-02-17,269.36
2010-02-18,2010-02-18,271.87
2010-02-19,2010-02-19,270.64
2010-02-22,2010-02-22,271.66
2010-02-23,2010-02-23,267.79
2010-02-24,2010-02-24,265.99
2010-02-25,2010-02-25,263.47
2010-02-26,2010-02-26,263.66
2010-03-01,2010-03-01,266.6
2010-03-02,2010-03-02,270.79
2010-03-03,2010-03-03,272.92
2010-03-04,2010-03-04,277.56
2010-03-05,2010-03-05,282.38
2010-03-08,2010-03-08,281.51
2010-03-09,2010-03-09,280.37
2010-03-10,2010-03-10,288.5
2010-03-11,2010-03-11,290.85
2010-03-12,2010-03-12,290.05
2010-03-15,2010-03-15,281.86
2010-03-16,2010-03-16,282.87
2010-03-17,2010-03-17,283.05
2010-03-18,2010-03-18,283.47
2010-03-19,2010-03-19,280.27
2010-03-22,2010-03-22,279.02
2010-03-23,2010-03-23,274.77
2010-03-24,2010-03-24,278.94
2010-03-25,2010-03-25,281.71
2010-03-26,2010-03-26,281.62
2010-03-29,2010-03-29,281.5
2010-03-30,2010-03-30,283.63
2010-03-31,2010-03-31,283.84
2010-04-01,2010-04-01,284.68
2010-04-05,2010-04-05,285.78
2010-04-06,2010-04-06,284.39
2010-04-07,2010-04-07,282.04
2010-04-08,2010-04-08,284.02
2010-04-09,2010-04-09,283.38
2010-04-12,2010-04-12,286.64
2010-04-13,2010-04-13,293.67
2010-04-14,2010-04-14,294.79
2010-04-15,2010-04-15,297.94
2010-04-16,2010-04-16,275.34
2010-04-19,2010-04-19,275.32
2010-04-20,2010-04-20,277.79
2010-04-21,2010-04-21,277.42
2010-04-22,2010-04-22,273.8
2010-04-23,2010-04-23,272.76
2010-04-26,2010-04-26,266.08
2010-04-27,2010-04-27,264.79
2010-04-28,2010-04-28,264.85
2010-04-29,2010-04-29,266.26
2010-04-30,2010-04-30,263.1
2010-05-03,2010-05-03,265.56
2010-05-04,2010-05-04,253.43
2010-05-05,2010-05-05,255.13
2010-05-06,2010-05-06,249.58
2010-05-07,2010-05-07,246.81
2010-05-10,2010-05-10,261.08
2010-05-11,2010-05-11,254.77
2010-05-12,2010-05-12,252.94
2010-05-13,2010-05-13,255.69
2010-05-14,2010-05-14,254.01
2010-05-17,2010-05-17,254.23
2010-05-18,2010-05-18,249.43
2010-05-19,2010-05-19,247.45
2010-05-20,2010-05-20,237.74
2010-05-21,2010-05-21,236.25
2010-05-24,2010-05-24,238.81
2010-05-25,2010-05-25,238.77
2010-05-26,2010-05-26,237.97
2010-05-27,2010-05-27,245.47
2010-05-28,2010-05-28,243.05
2010-06-01,2010-06-01,241.42
2010-06-02,2010-06-02,246.92
2010-06-03,2010-06-03,253.05
2010-06-04,2010-06-04,249.6
2010-06-07,2010-06-07,243.0
2010-06-08,2010-06-08,242.63
2010-06-09,2010-06-09,237.24
2010-06-10,2010-06-10,243.74
2010-06-11,2010-06-11,244.49
2010-06-14,2010-06-14,241.83
2010-06-15,2010-06-15,249.24
2010-06-16,2010-06-16,250.88
2010-06-17,2010-06-17,250.28
2010-06-18,2010-06-18,250.26
2010-06-21,2010-06-21,244.52
2010-06-22,2010-06-22,243.36
2010-06-23,2010-06-23,241.26
2010-06-24,2010-06-24,237.78
2010-06-25,2010-06-25,236.57
2010-06-28,2010-06-28,236.27
2010-06-29,2010-06-29,227.35
2010-06-30,2010-06-30,222.69
2010-07-01,2010-07-01,219.96
2010-07-02,2010-07-02,218.49
2010-07-06,2010-07-06,218.25
2010-07-07,2010-07-07,225.32
2010-07-08,2010-07-08,228.5
2010-07-09,2010-07-09,233.97
2010-07-12,2010-07-12,238.15
2010-07-13,2010-07-13,244.84
2010-07-14,2010-07-14,245.91
2010-07-15,2010-07-15,247.25
2010-07-16,2010-07-16,230.03
2010-07-19,2010-07-19,233.32
2010-07-20,2010-07-20,241.03
2010-07-21,2010-07-21,238.98
2010-07-22,2010-07-22,242.64
2010-07-23,2010-07-23,245.27
2010-07-26,2010-07-26,244.72
2010-07-27,2010-07-27,246.55
2010-07-28,2010-07-28,242.41
2010-07-29,2010-07-29,242.73
2010-07-30,2010-07-30,242.66
2010-08-02,2010-08-02,245.44
2010-08-03,2010-08-03,245.15
2010-08-04,2010-08-04,253.41
2010-08-05,2010-08-05,254.3
2010-08-06,2010-08-06,250.35
2010-08-09,2010-08-09,252.92
2010-08-10,2010-08-10,252.1
2010-08-11,2010-08-11,246.11
2010-08-12,2010-08-12,246.24
2010-08-13,2010-08-13,243.41
2010-08-16,2010-08-16,243.03
2010-08-17,2010-08-17,245.5
2010-08-18,2010-08-18,241.31
2010-08-19,2010-08-19,234.21
2010-08-20,2010-08-20,231.23
2010-08-23,2010-08-23,232.26
2010-08-24,2010-08-24,225.91
2010-08-25,2010-08-25,227.53
2010-08-26,2010-08-26,225.71
2010-08-27,2010-08-27,229.64
2010-08-30,2010-08-30,226.56
2010-08-31,2010-08-31,225.23
2010-09-01,2010-09-01,230.39
2010-09-02,2010-09-02,231.81
2010-09-03,2010-09-03,235.38
2010-09-07,2010-09-07,232.43
2010-09-08,2010-09-08,235.52
2010-09-09,2010-09-09,238.32
2010-09-10,2010-09-10,238.3
2010-09-13,2010-09-13,241.37
2010-09-14,2010-09-14,240.45
2010-09-15,2010-09-15,240.55
2010-09-16,2010-09-16,240.76
2010-09-17,2010-09-17,245.31
2010-09-20,2010-09-20,254.39
2010-09-21,2010-09-21,256.98
2010-09-22,2010-09-22,258.25
2010-09-23,2010-09-23,256.99
2010-09-24,2010-09-24,263.9
2010-09-27,2010-09-27,265.46
2010-09-28,2010-09-28,263.84
2010-09-29,2010-09-29,264.1
2010-09-30,2010-09-30,263.15
2010-10-01,2010-10-01,263.06
2010-10-04,2010-10-04,261.43
2010-10-05,2010-10-05,269.38
2010-10-06,2010-10-06,267.43
2010-10-07,2010-10-07,265.26
2010-10-08,2010-10-08,268.44
2010-10-11,2010-10-11,269.68
2010-10-12,2010-10-12,270.96
2010-10-13,2010-10-13,271.91
2010-10-14,2010-10-14,270.73
2010-10-15,2010-10-15,301.02
2010-10-18,2010-10-18,309.15
2010-10-19,2010-10-19,304.21
2010-10-20,2010-10-20,304.28
2010-10-21,2010-10-21,306.29
2010-10-22,2010-10-22,306.56
2010-10-25,2010-10-25,308.55
2010-10-26,2010-10-26,309.6
2010-10-27,2010-10-27,308.53
2010-10-28,2010-10-28,309.59
2010-10-29,2010-10-29,307.15
2010-11-01,2010-11-01,307.8
2010-11-02,2010-11-02,308.1
2010-11-03,2010-11-03,310.39
2010-11-04,2010-11-04,312.44
2010-11-05,2010-11-05,312.84
2010-11-08,2010-11-08,313.69
2010-11-09,2010-11-09,312.71
2010-11-10,2010-11-10,311.74
2010-11-11,2010-11-11,308.89
2010-11-12,2010-11-12,301.94
2010-11-15,2010-11-15,298.02
2010-11-16,2010-11-16,292.14
2010-11-17,2010-11-17,292.06
2010-11-18,2010-11-18,298.57
2010-11-19,2010-11-19,295.7
2010-11-22,2010-11-22,295.9
2010-11-23,2010-11-23,291.79
2010-11-24,2010-11-24,297.77
2010-11-26,2010-11-26,295.29
2010-11-29,2010-11-29,291.34
2010-11-30,2010-11-30,278.12
2010-12-01,2010-12-01,282.45
2010-12-02,2010-12-02,286.19
2010-12-03,2010-12-03,286.78
2010-12-06,2010-12-06,289.46
2010-12-07,2010-12-07,293.85
2010-12-08,2010-12-08,295.56
2010-12-09,2010-12-09,296.04
2010-12-10,2010-12-10,296.39
2010-12-13,2010-12-13,297.6
2010-12-14,2010-12-14,297.74
2010-12-15,2010-12-15,295.44
2010-12-16,2010-12-16,296.14
2010-12-17,2010-12-17,295.69
2010-12-20,2010-12-20,297.82
2010-12-21,2010-12-21,301.83
2010-12-22,2010-12-22,303.04
2010-12-23,2010-12-23,302.41
2010-12-27,2010-12-27,301.48
2010-12-28,2010-12-28,299.75
2010-12-29,2010-12-29,300.79
2010-12-30,2010-12-30,299.72
2010-12-31,2010-12-31,297.27
2011-01-03,2011-01-03,302.47
2011-01-04,2011-01-04,301.35
2011-01-05,2011-01-05,304.83
2011-01-06,2011-01-06,307.05
2011-01-07,2011-01-07,308.52
2011-01-10,2011-01-10,307.4
2011-01-11,2011-01-11,308.3
2011-01-12,2011-01-12,308.73
2011-01-13,2011-01-13,308.64
2011-01-14,2011-01-14,312.39
2011-01-18,2011-01-18,320.13
2011-01-19,2011-01-19,316.18
2011-01-20,2011-01-20,313.69
2011-01-21,2011-01-21,306.21
2011-01-24,2011-01-24,305.84
2011-01-25,2011-01-25,310.26
2011-01-26,2011-01-26,308.55
2011-01-27,2011-01-27,308.69
2011-01-28,2011-01-28,300.79
2011-01-31,2011-01-31,300.47
2011-02-01,2011-02-01,305.82
2011-02-02,2011-02-02,306.3
2011-02-03,2011-02-03,305.37
2011-02-04,2011-02-04,305.79
2011-02-07,2011-02-07,307.45
2011-02-08,2011-02-08,309.49
2011-02-09,2011-02-09,308.55
2011-02-10,2011-02-10,308.52
2011-02-11,2011-02-11,312.55
2011-02-14,2011-02-14,314.38
2011-02-15,2011-02-15,312.38
2011-02-16,2011-02-16,312.41
2011-02-17,2011-02-17,312.93
2011-02-18,2011-02-18,315.35
2011-02-22,2011-02-22,305.4
2011-02-23,2011-02-23,305.96
2011-02-24,2011-02-24,304.71
2011-02-25,2011-02-25,305.32
2011-02-28,2011-02-28,307.0
2011-03-01,2011-03-01,300.67
2011-03-02,2011-03-02,300.69
2011-03-03,2011-03-03,305.08
2011-03-04,2011-03-04,300.6
2011-03-07,2011-03-07,296.12
2011-03-08,2011-03-08,296.44
2011-03-09,2011-03-09,296.17
2011-03-10,2011-03-10,290.43
2011-03-11,2011-03-11,288.63
2011-03-14,2011-03-14,285.27
2011-03-15,2011-03-15,285.06
2011-03-16,2011-03-16,278.82
2011-03-17,2011-03-17,280.95
2011-03-18,2011-03-18,280.8
2011-03-21,2011-03-21,288.53
2011-03-22,2011-03-22,288.94
2011-03-23,2011-03-23,291.36
2011-03-24,2011-03-24,293.73
2011-03-25,2011-03-25,290.15
2011-03-28,2011-03-28,287.96
2011-03-29,2011-03-29,291.15
2011-03-30,2011-03-30,291.2
2011-03-31,2011-03-31,293.66
2011-04-01,2011-04-01,296.19
2011-04-04,2011-04-04,294.13
2011-04-05,2011-04-05,284.82
2011-04-06,2011-04-06,287.37
2011-04-07,2011-04-07,290.28
2011-04-08,2011-04-08,289.36
2011-04-11,2011-04-11,288.97
2011-04-12,2011-04-12,285.58
2011-04-13,2011-04-13,288.42
2011-04-14,2011-04-14,289.54
2011-04-15,2011-04-15,265.61
2011-04-18,2011-04-18,263.68
2011-04-19,2011-04-19,261.02
2011-04-20,2011-04-20,263.12
2011-04-21,2011-04-21,262.8
2011-04-25,2011-04-25,262.78
2011-04-26,2011-04-26,266.67
2011-04-27,2011-04-27,269.14
2011-04-28,2011-04-28,269.25
2011-04-29,2011-04-29,272.31
2011-05-02,2011-05-02,269.54
2011-05-03,2011-05-03,267.2
2011-05-04,2011-05-04,268.15
2011-05-05,2011-05-05,267.39
2011-05-06,2011-05-06,267.91
2011-05-09,2011-05-09,269.1
2011-05-10,2011-05-10,271.59
2011-05-11,2011-05-11,267.98
2011-05-12,2011-05-12,267.78
2011-05-13,2011-05-13,265.03
2011-05-16,2011-05-16,259.46
2011-05-17,2011-05-17,265.49
2011-05-18,2011-05-18,265.16
2011-05-19,2011-05-19,265.88
2011-05-20,2011-05-20,262.27
2011-05-23,2011-05-23,259.45
2011-05-24,2011-05-24,259.38
2011-05-25,2011-05-25,260.09
2011-05-26,2011-05-26,259.32
2011-05-27,2011-05-27,260.7
2011-05-31,2011-05-31,264.77
2011-06-01,2011-06-01,263.05
2011-06-02,2011-06-02,264.29
2011-06-03,2011-06-03,261.79
2011-06-06,2011-06-06,260.78
2011-06-07,2011-06-07,259.77
2011-06-08,2011-06-08,259.84
2011-06-09,2011-06-09,258.62
2011-06-10,2011-06-10,255.0
2011-06-13,2011-06-13,252.61
2011-06-14,2011-06-14,254.43
2011-06-15,2011-06-15,251.72
2011-06-16,2011-06-16,250.43
2011-06-17,2011-06-17,242.75
2011-06-20,2011-06-20,242.53
2011-06-21,2011-06-21,246.74
2011-06-22,2011-06-22,243.74
2011-06-23,2011-06-23,240.34
2011-06-24,2011-06-24,237.67
2011-06-27,2011-06-27,241.63
2011-06-28,2011-06-28,247.06
2011-06-29,2011-06-29,249.03
2011-06-30,2011-06-30,253.44
2011-07-01,2011-07-01,260.77
2011-07-05,2011-07-05,266.48
2011-07-06,2011-07-06,267.94
2011-07-07,2011-07-07,273.57
2011-07-08,2011-07-08,266.25
2011-07-11,2011-07-11,263.9
2011-07-12,2011-07-12,267.26
2011-07-13,2011-07-13,269.39
2011-07-14,2011-07-14,264.73
2011-07-15,2011-07-15,299.1
2011-07-18,2011-07-18,297.76
2011-07-19,2011-07-19,301.57
2011-07-20,2011-07-20,297.96
2011-07-21,2011-07-21,303.79
2011-07-22,2011-07-22,309.41
2011-07-25,2011-07-25,309.79
2011-07-26,2011-07-26,311.56
2011-07-27,2011-07-27,303.9
2011-07-28,2011-07-28,305.77
2011-07-29,2011-07-29,302.14
2011-08-01,2011-08-01,303.68
2011-08-02,2011-08-02,296.49
2011-08-03,2011-08-03,300.88
2011-08-04,2011-08-04,289.04
2011-08-05,2011-08-05,289.8
2011-08-08,2011-08-08,273.27
2011-08-09,2011-08-09,286.98
2011-08-10,2011-08-10,274.77
2011-08-11,2011-08-11,281.34
2011-08-12,2011-08-12,282.16
2011-08-15,2011-08-15,278.89
2011-08-16,2011-08-16,269.76
2011-08-17,2011-08-17,266.83
2011-08-18,2011-08-18,252.68
2011-08-19,2011-08-19,245.7
2011-08-22,2011-08-22,249.33
2011-08-23,2011-08-23,259.66
2011-08-24,2011-08-24,261.9
2011-08-25,2011-08-25,260.27
2011-08-26,2011-08-26,263.69
2011-08-29,2011-08-29,269.8
2011-08-30,2011-08-30,270.61
2011-08-31,2011-08-31,270.74
2011-09-01,2011-09-01,266.51
2011-09-02,2011-09-02,262.67
2011-09-06,2011-09-06,261.34
2011-09-07,2011-09-07,267.27
2011-09-08,2011-09-08,267.74
2011-09-09,2011-09-09,262.68
2011-09-12,2011-09-12,265.32
2011-09-13,2011-09-13,265.02
2011-09-14,2011-09-14,266.29
2011-09-15,2011-09-15,271.54
2011-09-16,2011-09-16,273.61
2011-09-19,2011-09-19,273.6
2011-09-20,2011-09-20,273.58
2011-09-21,2011-09-21,269.86
2011-09-22,2011-09-22,260.58
2011-09-23,2011-09-23,263.01
2011-09-26,2011-09-26,266.2
2011-09-27,2011-09-27,269.93
2011-09-28,2011-09-28,264.68
2011-09-29,2011-09-29,264.01
2011-09-30,2011-09-30,257.77
2011-10-03,2011-10-03,248.0
2011-10-04,2011-10-04,251.19
2011-10-05,2011-10-05,252.59
2011-10-06,2011-10-06,257.6
2011-10-07,2011-10-07,257.81
2011-10-10,2011-10-10,268.85
2011-10-11,2011-10-11,271.85
2011-10-12,2011-10-12,274.52
2011-10-13,2011-10-13,279.77
2011-10-14,2011-10-14,296.13
2011-10-17,2011-10-17,291.49
2011-10-18,2011-10-18,295.54
2011-10-19,2011-10-19,290.63
2011-10-20,2011-10-20,292.12
2011-10-21,2011-10-21,295.53
2011-10-24,2011-10-24,298.5
2011-10-25,2011-10-25,291.86
2011-10-26,2011-10-26,293.44
2011-10-27,2011-10-27,299.63
2011-10-28,2011-10-28,300.36
2011-10-31,2011-10-31,296.61
2011-11-01,2011-11-01,289.61
2011-11-02,2011-11-02,292.69
2011-11-03,2011-11-03,299.04
2011-11-04,2011-11-04,298.36
2011-11-07,2011-11-07,304.46
2011-11-08,2011-11-08,306.47
2011-11-09,2011-11-09,300.77
2011-11-10,2011-11-10,297.83
2011-11-11,2011-11-11,304.47
2011-11-14,2011-11-14,306.8
2011-11-15,2011-11-15,308.58
2011-11-16,2011-11-16,306.03
2011-11-17,2011-11-17,300.73
2011-11-18,2011-11-18,297.73
2011-11-21,2011-11-21,290.75
2011-11-22,2011-11-22,290.28
2011-11-23,2011-11-23,285.33
2011-11-25,2011-11-25,281.77
2011-11-28,2011-11-28,294.38
2011-11-29,2011-11-29,291.75
2011-11-30,2011-11-30,299.99
2011-12-01,2011-12-01,307.18
2011-12-02,2011-12-02,310.48
2011-12-05,2011-12-05,313.13
2011-12-06,2011-12-06,312.19
2011-12-07,2011-12-07,312.0
2011-12-08,2011-12-08,308.32
2011-12-09,2011-12-09,314.01
2011-12-12,2011-12-12,313.0
2011-12-13,2011-12-13,313.12
2011-12-14,2011-12-14,309.33
2011-12-15,2011-12-15,310.07
2011-12-16,2011-12-16,313.28
2011-12-19,2011-12-19,311.22
2011-12-20,2011-12-20,315.49
2011-12-21,2011-12-21,313.21
2011-12-22,2011-12-22,315.16
2011-12-23,2011-12-23,316.88
2011-12-27,2011-12-27,320.44
2011-12-28,2011-12-28,320.16
2011-12-29,2011-12-29,321.51
2011-12-30,2011-12-30,323.26
2012-01-03,2012-01-03,333.03
2012-01-04,2012-01-04,334.46
2012-01-05,2012-01-05,329.82
2012-01-06,2012-01-06,325.33
2012-01-09,2012-01-09,311.53
2012-01-10,2012-01-10,311.87
2012-01-11,2012-01-11,313.28
2012-01-12,2012-01-12,315.13
2012-01-13,2012-01-13,312.8
2012-01-17,2012-01-17,314.59
2012-01-18,2012-01-18,316.76
2012-01-19,2012-01-19,320.1
2012-01-20,2012-01-20,293.28
2012-01-23,2012-01-23,293.04
2012-01-24,2012-01-24,290.75
2012-01-25,2012-01-25,285.02
2012-01-26,2012-01-26,284.33
2012-01-27,2012-01-27,290.27
2012-01-30,2012-01-30,289.13
2012-01-31,2012-01-31,290.34
2012-02-01,2012-02-01,290.7
2012-02-02,2012-02-02,292.84
2012-02-03,2012-02-03,298.45
2012-02-06,2012-02-06,304.84
2012-02-07,2012-02-07,303.68
2012-02-08,2012-02-08,305.22
2012-02-09,2012-02-09,306.03
2012-02-10,2012-02-10,303.25
2012-02-13,2012-02-13,306.4
2012-02-14,2012-02-14,305.18
2012-02-15,2012-02-15,303.07
2012-02-16,2012-02-16,303.55
2012-02-17,2012-02-17,302.61
2012-02-21,2012-02-21,307.3
2012-02-22,2012-02-22,304.26
2012-02-23,2012-02-23,303.35
2012-02-24,2012-02-24,305.25
2012-02-27,2012-02-27,304.95
2012-02-28,2012-02-28,309.49
2012-02-29,2012-02-29,309.42
2012-03-01,2012-03-01,311.5
2012-03-02,2012-03-02,310.93
2012-03-05,2012-03-05,307.42
2012-03-06,2012-03-06,302.77
2012-03-07,2012-03-07,303.69
2012-03-08,2012-03-08,303.86
2012-03-09,2012-03-09,300.42
2012-03-12,2012-03-12,302.87
2012-03-13,2012-03-13,309.19
2012-03-14,2012-03-14,308.29
2012-03-15,2012-03-15,310.87
2012-03-16,2012-03-16,312.82
2012-03-19,2012-03-19,317.3
2012-03-20,2012-03-20,317.05
2012-03-21,2012-03-21,320.3
2012-03-22,2012-03-22,323.34
2012-03-23,2012-03-23,321.61
2012-03-26,2012-03-26,324.98
2012-03-27,2012-03-27,323.82
2012-03-28,2012-03-28,328.2
2012-03-29,2012-03-29,324.52
2012-03-30,2012-03-30,320.93
2012-04-02,2012-04-02,323.77
2012-04-03,2012-04-03,321.62
2012-04-04,2012-04-04,317.88
2012-04-05,2012-04-05,316.47
2012-04-09,2012-04-09,315.73
2012-04-10,2012-04-10,313.73
2012-04-11,2012-04-11,318.29
2012-04-12,2012-04-12,325.82
2012-04-13,2012-04-13,312.6
2012-04-16,2012-04-16,303.33
2012-04-17,2012-04-17,305.08
2012-04-18,2012-04-18,304.02
2012-04-19,2012-04-19,299.94
2012-04-20,2012-04-20,298.32
2012-04-23,2012-04-23,299.09
2012-04-24,2012-04-24,300.93
2012-04-25,2012-04-25,305.16
2012-04-26,2012-04-26,308.03
2012-04-27,2012-04-27,307.79
2012-04-30,2012-04-30,302.72
2012-05-01,2012-05-01,302.51
2012-05-02,2012-05-02,303.92
2012-05-03,2012-05-03,305.81
2012-05-04,2012-05-04,298.77
2012-05-07,2012-05-07,304.07
2012-05-08,2012-05-08,306.69
2012-05-09,2012-05-09,304.87
2012-05-10,2012-05-10,307.13
2012-05-11,2012-05-11,302.91
2012-05-14,2012-05-14,302.29
2012-05-15,2012-05-15,305.85
2012-05-16,2012-05-16,314.77
2012-05-17,2012-05-17,311.83
2012-05-18,2012-05-18,300.49
2012-05-21,2012-05-21,307.35
2012-05-22,2012-05-22,300.69
2012-05-23,2012-05-23,305.03
2012-05-24,2012-05-24,302.12
2012-05-25,2012-05-25,296.05
2012-05-29,2012-05-29,297.46
2012-05-30,2012-05-30,294.4
2012-05-31,2012-05-31,290.71
2012-06-01,2012-06-01,285.77
2012-06-04,2012-06-04,289.58
2012-06-05,2012-06-05,285.48
2012-06-06,2012-06-06,290.57
2012-06-07,2012-06-07,289.4
2012-06-08,2012-06-08,290.51
2012-06-11,2012-06-11,284.53
2012-06-12,2012-06-12,282.82
2012-06-13,2012-06-13,280.82
2012-06-14,2012-06-14,279.8
2012-06-15,2012-06-15,282.53
2012-06-18,2012-06-18,285.7
2012-06-19,2012-06-19,291.05
2012-06-20,2012-06-20,289.04
2012-06-21,2012-06-21,282.88
2012-06-22,2012-06-22,286.02
2012-06-25,2012-06-25,280.62
2012-06-26,2012-06-26,282.61
2012-06-27,2012-06-27,284.93
2012-06-28,2012-06-28,282.43
2012-06-29,2012-06-29,290.32
2012-07-02,2012-07-02,290.52
2012-07-03,2012-07-03,294.2
2012-07-05,2012-07-05,298.25
2012-07-06,2012-07-06,293.27
2012-07-09,2012-07-09,293.29
2012-07-10,2012-07-10,291.13
2012-07-11,2012-07-11,285.87
2012-07-12,2012-07-12,285.52
2012-07-13,2012-07-13,288.54
2012-07-16,2012-07-16,287.74
2012-07-17,2012-07-17,288.64
2012-07-18,2012-07-18,290.66
2012-07-19,2012-07-19,296.82
2012-07-20,2012-07-20,305.71
2012-07-23,2012-07-23,308.05
2012-07-24,2012-07-24,304.08
2012-07-25,2012-07-25,304.29
2012-07-26,2012-07-26,306.98
2012-07-27,2012-07-27,317.79
2012-07-30,2012-07-30,316.46
2012-07-31,2012-07-31,316.79
2012-08-01,2012-08-01,316.65
2012-08-02,2012-08-02,314.68
2012-08-03,2012-08-03,320.98
2012-08-06,2012-08-06,321.72
2012-08-07,2012-08-07,320.58
2012-08-08,2012-08-08,321.43
2012-08-09,2012-08-09,321.49
2012-08-10,2012-08-10,321.31
2012-08-13,2012-08-13,330.33
2012-08-14,2012-08-14,334.65
2012-08-15,2012-08-15,334.09
2012-08-16,2012-08-16,336.76
2012-08-17,2012-08-17,338.9
2012-08-20,2012-08-20,338.1
2012-08-21,2012-08-21,335.08
2012-08-22,2012-08-22,338.92
2012-08-23,2012-08-23,338.73
2012-08-24,2012-08-24,339.64
2012-08-27,2012-08-27,334.93
2012-08-28,2012-08-28,338.95
2012-08-29,2012-08-29,344.34
2012-08-30,2012-08-30,341.17
2012-08-31,2012-08-31,342.88
2012-09-04,2012-09-04,340.85
2012-09-05,2012-09-05,340.69
2012-09-06,2012-09-06,350.04
2012-09-07,2012-09-07,353.42
2012-09-10,2012-09-10,350.72
2012-09-11,2012-09-11,346.43
2012-09-12,2012-09-12,345.78
2012-09-13,2012-09-13,353.36
2012-09-14,2012-09-14,355.18
2012-09-17,2012-09-17,355.33
2012-09-18,2012-09-18,359.49
2012-09-19,2012-09-19,364.1
2012-09-20,2012-09-20,364.41
2012-09-21,2012-09-21,367.35
2012-09-24,2012-09-24,375.05
2012-09-25,2012-09-25,374.94
2012-09-26,2012-09-26,377.1
2012-09-27,2012-09-27,378.62
2012-09-28,2012-09-28,377.62
2012-10-01,2012-10-01,381.26
2012-10-02,2012-10-02,378.86
2012-10-03,2012-10-03,381.62
2012-10-04,2012-10-04,384.4
2012-10-05,2012-10-05,384.2
2012-10-08,2012-10-08,379.29
2012-10-09,2012-10-09,372.41
2012-10-10,2012-10-10,372.64
2012-10-11,2012-10-11,376.1
2012-10-12,2012-10-12,372.74
2012-10-15,2012-10-15,370.85
2012-10-16,2012-10-16,372.71
2012-10-17,2012-10-17,378.11
2012-10-18,2012-10-18,347.84
2012-10-19,2012-10-19,341.23
2012-10-22,2012-10-22,339.66
2012-10-23,2012-10-23,340.5
2012-10-24,2012-10-24,338.98
2012-10-25,2012-10-25,339.21
2012-10-26,2012-10-26,337.9
2012-10-31,2012-10-31,340.48
2012-11-01,2012-11-01,344.13
2012-11-02,2012-11-02,344.29
2012-11-05,2012-11-05,341.81
2012-11-06,2012-11-06,341.19
2012-11-07,2012-11-07,333.88
2012-11-08,2012-11-08,326.46
2012-11-09,2012-11-09,331.84
2012-11-12,2012-11-12,333.27
2012-11-13,2012-11-13,329.85
2012-11-14,2012-11-14,326.59
2012-11-15,2012-11-15,323.94
2012-11-16,2012-11-16,323.9
2012-11-19,2012-11-19,334.43
2012-11-20,2012-11-20,335.31
2012-11-21,2012-11-21,333.26
2012-11-23,2012-11-23,334.31
2012-11-26,2012-11-26,330.9
2012-11-27,2012-11-27,335.68
2012-11-28,2012-11-28,342.17
2012-11-29,2012-11-29,346.28
2012-11-30,2012-11-30,349.52
2012-12-03,2012-12-03,347.96
2012-12-04,2012-12-04,345.85
2012-12-05,2012-12-05,344.24
2012-12-06,2012-12-06,345.9
2012-12-07,2012-12-07,342.44
2012-12-10,2012-12-10,343.04
2012-12-11,2012-12-11,348.78
2012-12-12,2012-12-12,349.12
2012-12-13,2012-12-13,351.69
2012-12-14,2012-12-14,351.32
2012-12-17,2012-12-17,360.74
2012-12-18,2012-12-18,360.88
2012-12-19,2012-12-19,360.4
2012-12-20,2012-12-20,361.53
2012-12-21,2012-12-21,358.16
2012-12-24,2012-12-24,355.09
2012-12-26,2012-12-26,354.78
2012-12-27,2012-12-27,353.49
2012-12-28,2012-12-28,350.34
2012-12-31,2012-12-31,354.03
2013-01-02,2013-01-02,361.98
2013-01-03,2013-01-03,362.19
2013-01-04,2013-01-04,369.34
2013-01-07,2013-01-07,367.73
2013-01-08,2013-01-08,367.01
2013-01-09,2013-01-09,369.42
2013-01-10,2013-01-10,371.1
2013-01-11,2013-01-11,370.35
2013-01-14,2013-01-14,361.98
2013-01-15,2013-01-15,362.82
2013-01-16,2013-01-16,357.94
2013-01-17,2013-01-17,356.0
2013-01-18,2013-01-18,352.6
2013-01-22,2013-01-22,351.78
2013-01-23,2013-01-23,371.11
2013-01-24,2013-01-24,377.28
2013-01-25,2013-01-25,377.2
2013-01-28,2013-01-28,375.73
2013-01-29,2013-01-29,377.21
2013-01-30,2013-01-30,377.28
2013-01-31,2013-01-31,378.21
2013-02-01,2013-02-01,388.18
2013-02-04,2013-02-04,379.88
2013-02-05,2013-02-05,383.24
2013-02-06,2013-02-06,385.46
2013-02-07,2013-02-07,387.35
2013-02-08,2013-02-08,393.07
2013-02-11,2013-02-11,391.59
2013-02-12,2013-02-12,390.73
2013-02-13,2013-02-13,391.81
2013-02-14,2013-02-14,394.29
2013-02-15,2013-02-15,396.83
2013-02-19,2013-02-19,403.82
2013-02-20,2013-02-20,396.61
2013-02-21,2013-02-21,398.15
2013-02-22,2013-02-22,400.24
2013-02-25,2013-02-25,395.77
2013-02-26,2013-02-26,395.45
2013-02-27,2013-02-27,400.28
2013-02-28,2013-02-28,400.99
2013-03-01,2013-03-01,403.49
2013-03-04,2013-03-04,411.15
2013-03-05,2013-03-05,419.71
2013-03-06,2013-03-06,416.09
2013-03-07,2013-03-07,416.7
2013-03-08,2013-03-08,416.16
2013-03-11,2013-03-11,417.81
2013-03-12,2013-03-12,414.21
2013-03-13,2013-03-13,413.06
2013-03-14,2013-03-14,411.17
2013-03-15,2013-03-15,407.55
2013-03-18,2013-03-18,404.29
2013-03-19,2013-03-19,406.05
2013-03-20,2013-03-20,407.75
2013-03-21,2013-03-21,406.02
2013-03-22,2013-03-22,405.55
2013-03-25,2013-03-25,405.21
2013-03-26,2013-03-26,406.6
2013-03-27,2013-03-27,401.72
2013-03-28,2013-03-28,397.48
2013-04-01,2013-04-01,400.98
2013-04-02,2013-04-02,406.91
2013-04-03,2013-04-03,403.49
2013-04-04,2013-04-04,397.92
2013-04-05,2013-04-05,391.9
2013-04-08,2013-04-08,387.8
2013-04-09,2013-04-09,389.2
2013-04-10,2013-04-10,395.47
2013-04-11,2013-04-11,395.58
2013-04-12,2013-04-12,395.41
2013-04-15,2013-04-15,391.34
2013-04-16,2013-04-16,397.07
2013-04-17,2013-04-17,391.66
2013-04-18,2013-04-18,383.33
2013-04-19,2013-04-19,400.32
2013-04-22,2013-04-22,400.45
2013-04-23,2013-04-23,404.34
2013-04-24,2013-04-24,407.12
2013-04-25,2013-04-25,404.94
2013-04-26,2013-04-26,401.1
2013-04-29,2013-04-29,409.93
2013-04-30,2013-04-30,412.68
2013-05-01,2013-05-01,410.61
2013-05-02,2013-05-02,415.21
2013-05-03,2013-05-03,423.27
2013-05-06,2013-05-06,431.19
2013-05-07,2013-05-07,429.03
2013-05-08,2013-05-08,437.24
2013-05-09,2013-05-09,436.16
2013-05-10,2013-05-10,440.54
2013-05-13,2013-05-13,439.19
2013-05-14,2013-05-14,443.98
2013-05-15,2013-05-15,458.39
2013-05-16,2013-05-16,452.37
2013-05-17,2013-05-17,455.03
2013-05-20,2013-05-20,454.71
2013-05-21,2013-05-21,453.92
2013-05-22,2013-05-22,445.14
2013-05-23,2013-05-23,441.82
2013-05-24,2013-05-24,437.08
2013-05-28,2013-05-28,441.06
2013-05-29,2013-05-29,434.58
2013-05-30,2013-05-30,435.8
2013-05-31,2013-05-31,436.03
2013-06-03,2013-06-03,434.24
2013-06-04,2013-06-04,429.97
2013-06-05,2013-06-05,430.27
2013-06-06,2013-06-06,432.74
2013-06-07,2013-06-07,440.29
2013-06-10,2013-06-10,445.54
2013-06-11,2013-06-11,440.33
2013-06-12,2013-06-12,436.41
2013-06-13,2013-06-13,438.93
2013-06-14,2013-06-14,437.94
2013-06-17,2013-06-17,443.55
2013-06-18,2013-06-18,450.75
2013-06-19,2013-06-19,450.78
2013-06-20,2013-06-20,442.8
2013-06-21,2013-06-21,440.89
2013-06-24,2013-06-24,435.32
2013-06-25,2013-06-25,433.52
2013-06-26,2013-06-26,437.25
2013-06-27,2013-06-27,438.96
2013-06-28,2013-06-28,440.61
2013-07-01,2013-07-01,444.37
2013-07-02,2013-07-02,441.58
2013-07-03,2013-07-03,443.64
2013-07-05,2013-07-05,447.18
2013-07-08,2013-07-08,452.98
2013-07-09,2013-07-09,453.06
2013-07-10,2013-07-10,453.43
2013-07-11,2013-07-11,460.57
2013-07-12,2013-07-12,461.95
2013-07-15,2013-07-15,462.79
2013-07-16,2013-07-16,460.25
2013-07-17,2013-07-17,459.72
2013-07-18,2013-07-18,455.78
2013-07-19,2013-07-19,448.73
2013-07-22,2013-07-22,455.79
2013-07-23,2013-07-23,452.34
2013-07-24,2013-07-24,451.89
2013-07-25,2013-07-25,444.28
2013-07-26,2013-07-26,443.1
2013-07-29,2013-07-29,441.56
2013-07-30,2013-07-30,445.89
2013-07-31,2013-07-31,444.31
2013-08-01,2013-08-01,452.55
2013-08-02,2013-08-02,453.72
2013-08-05,2013-08-05,452.94
2013-08-06,2013-08-06,448.72
2013-08-07,2013-08-07,445.76
2013-08-08,2013-08-08,446.76
2013-08-09,2013-08-09,445.64
2013-08-12,2013-08-12,443.18
2013-08-13,2013-08-13,441.05
2013-08-14,2013-08-14,435.33
2013-08-15,2013-08-15,430.25
2013-08-16,2013-08-16,428.87
2013-08-19,2013-08-19,433.24
2013-08-20,2013-08-20,433.13
2013-08-21,2013-08-21,435.09
2013-08-22,2013-08-22,437.28
2013-08-23,2013-08-23,435.53
2013-08-26,2013-08-26,433.62
2013-08-27,2013-08-27,425.49
2013-08-28,2013-08-28,424.69
2013-08-29,2013-08-29,428.13
2013-08-30,2013-08-30,423.86
2013-09-03,2013-09-03,430.61
2013-09-04,2013-09-04,436.24
2013-09-05,2013-09-05,440.21
2013-09-06,2013-09-06,440.22
2013-09-09,2013-09-09,444.46
2013-09-10,2013-09-10,444.77
2013-09-11,2013-09-11,448.53
2013-09-12,2013-09-12,446.97
2013-09-13,2013-09-13,444.97
2013-09-16,2013-09-16,444.31
2013-09-17,2013-09-17,443.48
2013-09-18,2013-09-18,452.1
2013-09-19,2013-09-19,449.63
2013-09-20,2013-09-20,451.99
2013-09-23,2013-09-23,443.68
2013-09-24,2013-09-24,443.85
2013-09-25,2013-09-25,439.04
2013-09-26,2013-09-26,439.51
2013-09-27,2013-09-27,438.62
2013-09-30,2013-09-30,438.38
2013-10-01,2013-10-01,443.93
2013-10-02,2013-10-02,444.43
2013-10-03,2013-10-03,438.47
2013-10-04,2013-10-04,436.6
2013-10-07,2013-10-07,433.29
2013-10-08,2013-10-08,427.25
2013-10-09,2013-10-09,428.35
2013-10-10,2013-10-10,434.54
2013-10-11,2013-10-11,436.42
2013-10-14,2013-10-14,438.48
2013-10-15,2013-10-15,441.43
2013-10-16,2013-10-16,449.45
2013-10-17,2013-10-17,444.83
2013-10-18,2013-10-18,506.19
2013-10-21,2013-10-21,502.14
2013-10-22,2013-10-22,503.99
2013-10-23,2013-10-23,516.2
2013-10-24,2013-10-24,513.27
2013-10-25,2013-10-25,508.09
2013-10-28,2013-10-28,507.99
2013-10-29,2013-10-29,518.62
2013-10-30,2013-10-30,515.71
2013-10-31,2013-10-31,515.79
2013-11-01,2013-11-01,514.02
2013-11-04,2013-11-04,513.55
2013-11-05,2013-11-05,511.26
2013-11-06,2013-11-06,511.87
2013-11-07,2013-11-07,504.46
2013-11-08,2013-11-08,508.51
2013-11-11,2013-11-11,505.79
2013-11-12,2013-11-12,506.38
2013-11-13,2013-11-13,516.74
2013-11-14,2013-11-14,518.12
2013-11-15,2013-11-15,517.28
2013-11-18,2013-11-18,516.28
2013-11-19,2013-11-19,513.1
2013-11-20,2013-11-20,511.65
2013-11-21,2013-11-21,517.54
2013-11-22,2013-11-22,516.45
2013-11-25,2013-11-25,523.47
2013-11-26,2013-11-26,529.72
2013-11-27,2013-11-27,532.07
2013-11-29,2013-11-29,530.31
2013-12-02,2013-12-02,527.75
2013-12-03,2013-12-03,527.14
2013-12-04,2013-12-04,529.6
2013-12-05,2013-12-05,529.18
2013-12-06,2013-12-06,535.45
2013-12-09,2013-12-09,539.59
2013-12-10,2013-12-10,542.86
2013-12-11,2013-12-11,539.17
2013-12-12,2013-12-12,535.5
2013-12-13,2013-12-13,530.91
2013-12-16,2013-12-16,537.01
2013-12-17,2013-12-17,535.45
2013-12-18,2013-12-18,542.9
2013-12-19,2013-12-19,543.64
2013-12-20,2013-12-20,550.84
2013-12-23,2013-12-23,558.09
2013-12-24,2013-12-24,556.46
2013-12-26,2013-12-26,559.27
2013-12-27,2013-12-27,559.74
2013-12-30,2013-12-30,555.27
2013-12-31,2013-12-31,560.9
2014-01-02,2014-01-02,557.1
2014-01-03,2014-01-03,553.04
2014-01-06,2014-01-06,559.2
2014-01-07,2014-01-07,569.98
2014-01-08,2014-01-08,571.17
2014-01-09,2014-01-09,565.67
2014-01-10,2014-01-10,565.64
2014-01-13,2014-01-13,562.03
2014-01-14,2014-01-14,575.26
2014-01-15,2014-01-15,574.87
2014-01-16,2014-01-16,578.67
2014-01-17,2014-01-17,575.82
2014-01-21,2014-01-21,582.41
2014-01-22,2014-01-22,583.08
2014-01-23,2014-01-23,580.61
2014-01-24,2014-01-24,562.46
2014-01-27,2014-01-27,551.15
2014-01-28,2014-01-28,562.05
2014-01-29,2014-01-29,554.0
2014-01-30,2014-01-30,568.25
2014-01-31,2014-01-31,591.06
2014-02-03,2014-02-03,567.26
2014-02-04,2014-02-04,569.63
2014-02-05,2014-02-05,572.15
2014-02-06,2014-02-06,580.54
2014-02-07,2014-02-07,589.29
2014-02-10,2014-02-10,587.03
2014-02-11,2014-02-11,595.67
2014-02-12,2014-02-12,593.92
2014-02-13,2014-02-13,600.53
2014-02-14,2014-02-14,601.98
2014-02-18,2014-02-18,606.03
2014-02-19,2014-02-19,601.75
2014-02-20,2014-02-20,602.64
2014-02-21,2014-02-21,602.48
2014-02-24,2014-02-24,606.84
2014-02-25,2014-02-25,610.59
2014-02-26,2014-02-26,610.68
2014-02-27,2014-02-27,610.2
2014-02-28,2014-02-28,608.41
2014-03-03,2014-03-03,601.93
2014-03-04,2014-03-04,608.04
2014-03-05,2014-03-05,609.72
2014-03-06,2014-03-06,610.4
2014-03-07,2014-03-07,607.98
2014-03-10,2014-03-10,606.37
2014-03-11,2014-03-11,600.58
2014-03-12,2014-03-12,604.24
2014-03-13,2014-03-13,595.11
2014-03-14,2014-03-14,586.97
2014-03-17,2014-03-17,596.63
2014-03-18,2014-03-18,606.22
2014-03-19,2014-03-19,600.21
2014-03-20,2014-03-20,599.16
2014-03-21,2014-03-21,592.09
2014-03-24,2014-03-24,579.53
2014-03-25,2014-03-25,579.92
2014-03-26,2014-03-26,566.53
2014-03-27,2014-03-27,557.68
2014-03-28,2014-03-28,560.62
2014-03-31,2014-03-31,557.8
2014-04-01,2014-04-01,568.0
2014-04-02,2014-04-02,568.1
2014-04-03,2014-04-03,571.5
2014-04-04,2014-04-04,545.25
2014-04-07,2014-04-07,540.63
2014-04-08,2014-04-08,557.51
2014-04-09,2014-04-09,567.04
2014-04-10,2014-04-10,546.69
2014-04-11,2014-04-11,537.76
2014-04-14,2014-04-14,545.2
2014-04-15,2014-04-15,548.7
2014-04-16,2014-04-16,563.9
2014-04-17,2014-04-17,543.34
2014-04-21,2014-04-21,539.37
2014-04-22,2014-04-22,545.5
2014-04-23,2014-04-23,537.51
2014-04-24,2014-04-24,534.44
2014-04-25,2014-04-25,523.1
2014-04-28,2014-04-28,522.98
2014-04-29,2014-04-29,536.33
2014-04-30,2014-04-30,534.88
2014-05-01,2014-05-01,538.53
2014-05-02,2014-05-02,533.87
2014-05-05,2014-05-05,535.33
2014-05-06,2014-05-06,522.57
2014-05-07,2014-05-07,518.0
2014-05-08,2014-05-08,520.17
2014-05-09,2014-05-09,526.62
2014-05-12,2014-05-12,538.43
2014-05-13,2014-05-13,541.54
2014-05-14,2014-05-14,534.41
2014-05-15,2014-05-15,529.12
2014-05-16,2014-05-16,528.3
2014-05-19,2014-05-19,538.83
2014-05-20,2014-05-20,540.39
2014-05-21,2014-05-21,549.7
2014-05-22,2014-05-22,555.45
2014-05-23,2014-05-23,563.8
2014-05-27,2014-05-27,574.87
2014-05-28,2014-05-28,570.45
2014-05-29,2014-05-29,570.56
2014-05-30,2014-05-30,571.65
2014-06-02,2014-06-02,564.34
2014-06-03,2014-06-03,554.51
2014-06-04,2014-06-04,553.76
2014-06-05,2014-06-05,564.93
2014-06-06,2014-06-06,566.03
2014-06-09,2014-06-09,570.73
2014-06-10,2014-06-10,568.3
2014-06-11,2014-06-11,567.5
2014-06-12,2014-06-12,559.5
2014-06-13,2014-06-13,560.35
2014-06-16,2014-06-16,552.3
2014-06-17,2014-06-17,550.62
2014-06-18,2014-06-18,560.66
2014-06-19,2014-06-19,564.99
2014-06-20,2014-06-20,566.52
2014-06-23,2014-06-23,574.29
2014-06-24,2014-06-24,572.54
2014-06-25,2014-06-25,585.93
2014-06-26,2014-06-26,584.77
2014-06-27,2014-06-27,585.69
2014-06-30,2014-06-30,584.67
2014-07-01,2014-07-01,591.49
2014-07-02,2014-07-02,590.78
2014-07-03,2014-07-03,593.08
2014-07-07,2014-07-07,590.76
2014-07-08,2014-07-08,578.4
2014-07-09,2014-07-09,583.36
2014-07-10,2014-07-10,580.04
2014-07-11,2014-07-11,586.65
2014-07-14,2014-07-14,594.26
2014-07-15,2014-07-15,593.06
2014-07-16,2014-07-16,590.62
2014-07-17,2014-07-17,580.82
2014-07-18,2014-07-18,605.11
2014-07-21,2014-07-21,598.44
2014-07-22,2014-07-22,603.57
2014-07-23,2014-07-23,605.19
2014-07-24,2014-07-24,603.01
2014-07-25,2014-07-25,598.08
2014-07-28,2014-07-28,599.02
2014-07-29,2014-07-29,593.95
2014-07-30,2014-07-30,595.44
2014-07-31,2014-07-31,579.55
2014-08-01,2014-08-01,573.6
2014-08-04,2014-08-04,582.27
2014-08-05,2014-08-05,573.14
2014-08-06,2014-08-06,574.49
2014-08-07,2014-08-07,571.81
2014-08-08,2014-08-08,577.94
2014-08-11,2014-08-11,577.25
2014-08-12,2014-08-12,572.12
2014-08-13,2014-08-13,584.56
2014-08-14,2014-08-14,584.65
2014-08-15,2014-08-15,583.71
2014-08-18,2014-08-18,592.7
2014-08-19,2014-08-19,597.11
2014-08-20,2014-08-20,595.41
2014-08-21,2014-08-21,592.42
2014-08-22,2014-08-22,592.54
2014-08-25,2014-08-25,590.57
2014-08-26,2014-08-26,588.12
2014-08-27,2014-08-27,583.0
2014-08-28,2014-08-28,580.32
2014-08-29,2014-08-29,582.36
2014-09-02,2014-09-02,588.63
2014-09-03,2014-09-03,589.52
2014-09-04,2014-09-04,593.14
2014-09-05,2014-09-05,597.78
2014-09-08,2014-09-08,601.63
2014-09-09,2014-09-09,591.97
2014-09-10,2014-09-10,593.42
2014-09-11,2014-09-11,591.11
2014-09-12,2014-09-12,584.9
2014-09-15,2014-09-15,581.64
2014-09-16,2014-09-16,588.78
2014-09-17,2014-09-17,593.29
2014-09-18,2014-09-18,597.27
2014-09-19,2014-09-19,605.4
2014-09-22,2014-09-22,597.27
2014-09-23,2014-09-23,591.18
2014-09-24,2014-09-24,598.42
2014-09-25,2014-09-25,585.25
2014-09-26,2014-09-26,587.9
2014-09-29,2014-09-29,587.81
2014-09-30,2014-09-30,588.41
2014-10-01,2014-10-01,579.63
2014-10-02,2014-10-02,580.88
2014-10-03,2014-10-03,586.25
2014-10-06,2014-10-06,587.78
2014-10-07,2014-10-07,574.1
2014-10-08,2014-10-08,583.74
2014-10-09,2014-10-09,570.81
2014-10-10,2014-10-10,555.19
2014-10-13,2014-10-13,544.75
2014-10-14,2014-10-14,548.69
2014-10-15,2014-10-15,540.73
2014-10-16,2014-10-16,536.92
2014-10-17,2014-10-17,522.97
2014-10-20,2014-10-20,532.38
2014-10-21,2014-10-21,538.03
2014-10-22,2014-10-22,542.69
2014-10-23,2014-10-23,553.65
2014-10-24,2014-10-24,548.9
2014-10-27,2014-10-27,549.88
2014-10-28,2014-10-28,558.94
2014-10-29,2014-10-29,558.45
2014-10-30,2014-10-30,560.27
2014-10-31,2014-10-31,567.87
2014-11-03,2014-11-03,563.77
2014-11-04,2014-11-04,564.19
2014-11-05,2014-11-05,555.95
2014-11-06,2014-11-06,551.69
2014-11-07,2014-11-07,551.82
2014-11-10,2014-11-10,558.23
2014-11-11,2014-11-11,561.29
2014-11-12,2014-11-12,558.25
2014-11-13,2014-11-13,556.44
2014-11-14,2014-11-14,555.19
2014-11-17,2014-11-17,546.64
2014-11-18,2014-11-18,544.51
2014-11-19,2014-11-19,547.2
2014-11-20,2014-11-20,543.76
2014-11-21,2014-11-21,545.89
2014-11-24,2014-11-24,547.48
2014-11-25,2014-11-25,549.23
2014-11-26,2014-11-26,547.73
2014-11-28,2014-11-28,549.08
2014-12-01,2014-12-01,539.65
2014-12-02,2014-12-02,538.59
2014-12-03,2014-12-03,536.97
2014-12-04,2014-12-04,542.58
2014-12-05,2014-12-05,528.08
2014-12-08,2014-12-08,530.73
2014-12-09,2014-12-09,536.11
2014-12-10,2014-12-10,528.04
2014-12-11,2014-12-11,532.11
2014-12-12,2014-12-12,521.51
2014-12-15,2014-12-15,515.84
2014-12-16,2014-12-16,498.16
2014-12-17,2014-12-17,506.45
2014-12-18,2014-12-18,514.62
2014-12-19,2014-12-19,520.04
2014-12-22,2014-12-22,532.3
2014-12-23,2014-12-23,538.77
2014-12-24,2014-12-24,536.93
2014-12-26,2014-12-26,541.52
2014-12-29,2014-12-29,537.31
2014-12-30,2014-12-30,535.28
2014-12-31,2014-12-31,530.66
2015-01-02,2015-01-02,529.55
2015-01-05,2015-01-05,519.46
2015-01-06,2015-01-06,506.64
2015-01-07,2015-01-07,505.15
2015-01-08,2015-01-08,506.91
2015-01-09,2015-01-09,500.72
2015-01-12,2015-01-12,497.06
2015-01-13,2015-01-13,501.8
2015-01-14,2015-01-14,505.93
2015-01-15,2015-01-15,504.01
2015-01-16,2015-01-16,510.45
2015-01-20,2015-01-20,509.94
2015-01-21,2015-01-21,520.39
2015-01-22,2015-01-22,537.3
2015-01-23,2015-01-23,541.95
2015-01-26,2015-01-26,536.72
2015-01-27,2015-01-27,521.19
2015-01-28,2015-01-28,512.43
2015-01-29,2015-01-29,513.23
2015-01-30,2015-01-30,537.55
2015-02-02,2015-02-02,532.2
2015-02-03,2015-02-03,533.3
2015-02-04,2015-02-04,526.1
2015-02-05,2015-02-05,529.83
2015-02-06,2015-02-06,533.88
2015-02-09,2015-02-09,529.28
2015-02-10,2015-02-10,540.16
2015-02-11,2015-02-11,538.0
2015-02-12,2015-02-12,546.01
2015-02-13,2015-02-13,551.16
2015-02-17,2015-02-17,545.01
2015-02-18,2015-02-18,542.65
2015-02-19,2015-02-19,546.45
2015-02-20,2015-02-20,541.8
2015-02-23,2015-02-23,535.0
2015-02-24,2015-02-24,538.65
2015-02-25,2015-02-25,547.33
2015-02-26,2015-02-26,559.29
2015-02-27,2015-02-27,562.63
2015-03-02,2015-03-02,575.02
2015-03-03,2015-03-03,578.79
2015-03-04,2015-03-04,578.33
2015-03-05,2015-03-05,581.43
2015-03-06,2015-03-06,572.9
2015-03-09,2015-03-09,574.1
2015-03-10,2015-03-10,559.85
2015-03-11,2015-03-11,555.69
2015-03-12,2015-03-12,561.17
2015-03-13,2015-03-13,553.0
2015-03-16,2015-03-16,561.64
2015-03-17,2015-03-17,557.61
2015-03-18,2015-03-18,566.16
2015-03-19,2015-03-19,563.67
2015-03-20,2015-03-20,564.95
2015-03-23,2015-03-23,565.37
2015-03-24,2015-03-24,577.54
2015-03-25,2015-03-25,567.0
2015-03-26,2015-03-26,563.64
2015-03-27,2015-03-27,557.55
2015-03-30,2015-03-30,561.13
2015-03-31,2015-03-31,554.7
2015-04-01,2015-04-01,549.49
2015-04-02,2015-04-02,541.31
2015-04-06,2015-04-06,543.95
2015-04-07,2015-04-07,544.86
2015-04-08,2015-04-08,548.84
2015-04-09,2015-04-09,548.02
2015-04-10,2015-04-10,548.54
2015-04-13,2015-04-13,548.64
2015-04-14,2015-04-14,539.78
2015-04-15,2015-04-15,541.04
2015-04-16,2015-04-16,543.52
2015-04-17,2015-04-17,532.74
2015-04-20,2015-04-20,544.53
2015-04-21,2015-04-21,542.92
2015-04-22,2015-04-22,549.18
2015-04-23,2015-04-23,557.46
2015-04-24,2015-04-24,573.66
2015-04-27,2015-04-27,566.12
2015-04-28,2015-04-28,564.37
2015-04-29,2015-04-29,561.39
2015-04-30,2015-04-30,548.77
2015-05-01,2015-05-01,551.16
2015-05-04,2015-05-04,552.84
2015-05-05,2015-05-05,543.04
2015-05-06,2015-05-06,535.08
2015-05-07,2015-05-07,542.04
2015-05-08,2015-05-08,548.95
2015-05-11,2015-05-11,545.78
2015-05-12,2015-05-12,538.73
2015-05-13,2015-05-13,539.49
2015-05-14,2015-05-14,549.2
2015-05-15,2015-05-15,546.49
2015-05-18,2015-05-18,546.67
2015-05-19,2015-05-19,549.28
2015-05-20,2015-05-20,552.51
2015-05-21,2015-05-21,556.81
2015-05-22,2015-05-22,554.52
2015-05-26,2015-05-26,547.19
2015-05-27,2015-05-27,554.25
2015-05-28,2015-05-28,554.18
2015-05-29,2015-05-29,545.32
2015-06-01,2015-06-01,549.21
2015-06-02,2015-06-02,553.95
2015-06-03,2015-06-03,555.29
2015-06-04,2015-06-04,551.69
2015-06-05,2015-06-05,549.53
2015-06-08,2015-06-08,543.48
2015-06-09,2015-06-09,542.16
2015-06-10,2015-06-10,552.6
2015-06-11,2015-06-11,550.04
2015-06-12,2015-06-12,547.47
2015-06-15,2015-06-15,543.0
2015-06-16,2015-06-16,544.87
2015-06-17,2015-06-17,546.6
2015-06-18,2015-06-18,556.18
2015-06-19,2015-06-19,557.52
2015-06-22,2015-06-22,559.68
2015-06-23,2015-06-23,563.39
2015-06-24,2015-06-24,558.57
2015-06-25,2015-06-25,557.95
2015-06-26,2015-06-26,553.06
2015-06-29,2015-06-29,541.25
2015-06-30,2015-06-30,540.04
2015-07-01,2015-07-01,543.3
2015-07-02,2015-07-02,547.34
2015-07-06,2015-07-06,545.62
2015-07-07,2015-07-07,550.03
2015-07-08,2015-07-08,541.7
2015-07-09,2015-07-09,544.65
2015-07-10,2015-07-10,556.11
2015-07-13,2015-07-13,571.73
2015-07-14,2015-07-14,584.18
2015-07-15,2015-07-15,583.96
2015-07-16,2015-07-16,601.78
2015-07-17,2015-07-17,699.62
2015-07-20,2015-07-20,692.84
2015-07-21,2015-07-21,695.35
2015-07-22,2015-07-22,695.1
2015-07-23,2015-07-23,674.73
2015-07-24,2015-07-24,654.77
2015-07-27,2015-07-27,658.27
2015-07-28,2015-07-28,659.66
2015-07-29,2015-07-29,661.43
2015-07-30,2015-07-30,664.56
2015-07-31,2015-07-31,657.5
2015-08-03,2015-08-03,664.72
2015-08-04,2015-08-04,661.28
2015-08-05,2015-08-05,673.29
2015-08-06,2015-08-06,670.15
2015-08-07,2015-08-07,664.39
2015-08-10,2015-08-10,663.14
2015-08-11,2015-08-11,690.3
2015-08-12,2015-08-12,691.47
2015-08-13,2015-08-13,686.51
2015-08-14,2015-08-14,689.37
2015-08-17,2015-08-17,694.11
2015-08-18,2015-08-18,688.73
2015-08-19,2015-08-19,694.04
2015-08-20,2015-08-20,679.48
2015-08-21,2015-08-21,644.03
2015-08-24,2015-08-24,618.11
2015-08-25,2015-08-25,612.47
2015-08-26,2015-08-26,659.74
2015-08-27,2015-08-27,667.96
2015-08-28,2015-08-28,659.69
2015-08-31,2015-08-31,647.82
2015-09-01,2015-09-01,629.56
2015-09-02,2015-09-02,644.91
2015-09-03,2015-09-03,637.05
2015-09-04,2015-09-04,628.96
2015-09-08,2015-09-08,643.88
2015-09-09,2015-09-09,643.41
2015-09-10,2015-09-10,651.08
2015-09-11,2015-09-11,655.3
2015-09-14,2015-09-14,652.47
2015-09-15,2015-09-15,665.07
2015-09-16,2015-09-16,665.52
2015-09-17,2015-09-17,671.67
2015-09-18,2015-09-18,660.92
2015-09-21,2015-09-21,666.98
2015-09-22,2015-09-22,653.2
2015-09-23,2015-09-23,653.29
2015-09-24,2015-09-24,654.91
2015-09-25,2015-09-25,640.15
2015-09-28,2015-09-28,624.25
2015-09-29,2015-09-29,622.61
2015-09-30,2015-09-30,638.37
2015-10-01,2015-10-01,642.0
2015-10-02,2015-10-02,656.99
2015-10-05,2015-10-05,671.68
2015-10-06,2015-10-06,671.64
2015-10-07,2015-10-07,670.0
2015-10-08,2015-10-08,667.0
2015-10-09,2015-10-09,671.24
2015-10-12,2015-10-12,676.43
2015-10-13,2015-10-13,683.17
2015-10-14,2015-10-14,680.41
2015-10-15,2015-10-15,693.02
2015-10-16,2015-10-16,695.32
2015-10-19,2015-10-19,699.95
2015-10-20,2015-10-20,680.0
2015-10-21,2015-10-21,671.8
2015-10-22,2015-10-22,681.14
2015-10-23,2015-10-23,719.33
2015-10-26,2015-10-26,731.12
2015-10-27,2015-10-27,732.82
2015-10-28,2015-10-28,736.92
2015-10-29,2015-10-29,744.85
2015-10-30,2015-10-30,737.39
2015-11-02,2015-11-02,747.74
2015-11-03,2015-11-03,748.82
2015-11-04,2015-11-04,755.31
2015-11-05,2015-11-05,760.67
2015-11-06,2015-11-06,761.6
2015-11-09,2015-11-09,754.77
2015-11-10,2015-11-10,758.26
2015-11-11,2015-11-11,765.25
2015-11-12,2015-11-12,756.53
2015-11-13,2015-11-13,740.07
2015-11-16,2015-11-16,750.42
2015-11-17,2015-11-17,745.98
2015-11-18,2015-11-18,760.01
2015-11-19,2015-11-19,759.94
2015-11-20,2015-11-20,777.0
2015-11-23,2015-11-23,776.7
2015-11-24,2015-11-24,769.63
2015-11-25,2015-11-25,769.26
2015-11-27,2015-11-27,771.97
2015-11-30,2015-11-30,762.85
2015-12-01,2015-12-01,783.79
2015-12-02,2015-12-02,777.85
2015-12-03,2015-12-03,768.2
2015-12-04,2015-12-04,779.21
2015-12-07,2015-12-07,772.99
2015-12-08,2015-12-08,775.14
2015-12-09,2015-12-09,762.55
2015-12-10,2015-12-10,760.04
2015-12-11,2015-12-11,750.42
2015-12-14,2015-12-14,762.54
2015-12-15,2015-12-15,760.09
2015-12-16,2015-12-16,776.59
2015-12-17,2015-12-17,769.83
2015-12-18,2015-12-18,756.85
2015-12-21,2015-12-21,760.8
2015-12-22,2015-12-22,767.13
2015-12-23,2015-12-23,768.51
2015-12-24,2015-12-24,765.84
2015-12-28,2015-12-28,782.24
2015-12-29,2015-12-29,793.96
2015-12-30,2015-12-30,790.3
2015-12-31,2015-12-31,778.01
2016-01-04,2016-01-04,759.44
2016-01-05,2016-01-05,761.53
2016-01-06,2016-01-06,759.33
2016-01-07,2016-01-07,741.0
2016-01-08,2016-01-08,730.91
2016-01-11,2016-01-11,733.07
2016-01-12,2016-01-12,745.34
2016-01-13,2016-01-13,719.57
2016-01-14,2016-01-14,731.39
2016-01-15,2016-01-15,710.49
2016-01-19,2016-01-19,719.08
2016-01-20,2016-01-20,718.56
2016-01-21,2016-01-21,726.67
2016-01-22,2016-01-22,745.46
2016-01-25,2016-01-25,733.62
2016-01-26,2016-01-26,733.79
2016-01-27,2016-01-27,717.58
2016-01-28,2016-01-28,748.3
2016-01-29,2016-01-29,761.35
2016-02-01,2016-02-01,770.77
2016-02-02,2016-02-02,780.91
2016-02-03,2016-02-03,749.38
2016-02-04,2016-02-04,730.03
2016-02-05,2016-02-05,703.76
2016-02-08,2016-02-08,704.16
2016-02-09,2016-02-09,701.02
2016-02-10,2016-02-10,706.85
2016-02-11,2016-02-11,706.36
2016-02-12,2016-02-12,706.89
2016-02-16,2016-02-16,717.64
2016-02-17,2016-02-17,731.97
2016-02-18,2016-02-18,717.51
2016-02-19,2016-02-19,722.11
2016-02-22,2016-02-22,729.05
2016-02-23,2016-02-23,717.29
2016-02-24,2016-02-24,720.9
2016-02-25,2016-02-25,729.12
2016-02-26,2016-02-26,724.86
2016-02-27,2016-02-27,724.62
2016-02-29,2016-02-29,717.22
2016-03-01,2016-03-01,742.17
2016-03-02,2016-03-02,739.48
2016-03-03,2016-03-03,731.59
2016-03-04,2016-03-04,730.22
2016-03-07,2016-03-07,712.8
2016-03-08,2016-03-08,713.53
2016-03-09,2016-03-09,725.41
2016-03-10,2016-03-10,732.17
2016-03-11,2016-03-11,744.87
2016-03-14,2016-03-14,750.24
2016-03-15,2016-03-15,750.57
2016-03-16,2016-03-16,757.36
2016-03-17,2016-03-17,758.48
2016-03-18,2016-03-18,755.41
2016-03-21,2016-03-21,762.16
2016-03-22,2016-03-22,760.05
2016-03-23,2016-03-23,757.56
2016-03-24,2016-03-24,754.84
2016-03-28,2016-03-28,753.28
2016-03-29,2016-03-29,765.89
2016-03-30,2016-03-30,768.34
2016-03-31,2016-03-31,762.9
2016-04-01,2016-04-01,769.67
2016-04-04,2016-04-04,765.12
2016-04-05,2016-04-05,758.57
2016-04-06,2016-04-06,768.07
2016-04-07,2016-04-07,760.12
2016-04-08,2016-04-08,759.47
2016-04-11,2016-04-11,757.54
2016-04-12,2016-04-12,764.32
2016-04-13,2016-04-13,771.91
2016-04-14,2016-04-14,775.39
2016-04-15,2016-04-15,780.0
2016-04-18,2016-04-18,787.68
2016-04-19,2016-04-19,776.25
2016-04-20,2016-04-20,774.92
2016-04-21,2016-04-21,780.0
2016-04-22,2016-04-22,737.77
2016-04-25,2016-04-25,742.21
2016-04-26,2016-04-26,725.37
2016-04-27,2016-04-27,721.46
2016-04-28,2016-04-28,705.06
2016-04-29,2016-04-29,707.88
2016-05-02,2016-05-02,714.41
2016-05-03,2016-05-03,708.44
2016-05-04,2016-05-04,711.37
2016-05-05,2016-05-05,714.71
2016-05-06,2016-05-06,725.18
2016-05-09,2016-05-09,729.13
2016-05-10,2016-05-10,739.38
2016-05-11,2016-05-11,730.55
2016-05-12,2016-05-12,728.07
2016-05-13,2016-05-13,724.83
2016-05-16,2016-05-16,730.3
2016-05-17,2016-05-17,720.19
2016-05-18,2016-05-18,721.78
2016-05-19,2016-05-19,715.31
2016-05-20,2016-05-20,721.71
2016-05-23,2016-05-23,717.25
2016-05-24,2016-05-24,733.03
2016-05-25,2016-05-25,738.1
2016-05-26,2016-05-26,736.93
2016-05-27,2016-05-27,747.6
2016-05-31,2016-05-31,748.85
2016-06-01,2016-06-01,748.46
2016-06-02,2016-06-02,744.27
2016-06-03,2016-06-03,735.86
2016-06-06,2016-06-06,730.06
2016-06-07,2016-06-07,731.09
2016-06-08,2016-06-08,742.93
2016-06-09,2016-06-09,742.52
2016-06-10,2016-06-10,733.19
2016-06-13,2016-06-13,731.88
2016-06-14,2016-06-14,733.25
2016-06-15,2016-06-15,732.19
2016-06-16,2016-06-16,724.25
2016-06-17,2016-06-17,704.25
2016-06-20,2016-06-20,706.13
2016-06-21,2016-06-21,708.88
2016-06-22,2016-06-22,710.47
2016-06-23,2016-06-23,714.87
2016-06-24,2016-06-24,685.2
2016-06-27,2016-06-27,681.14
2016-06-28,2016-06-28,691.26
2016-06-29,2016-06-29,695.19
2016-06-30,2016-06-30,703.53
2016-07-01,2016-07-01,710.25
2016-07-05,2016-07-05,704.89
2016-07-06,2016-07-06,708.97
2016-07-07,2016-07-07,707.26
2016-07-08,2016-07-08,717.78
2016-07-11,2016-07-11,727.2
2016-07-12,2016-07-12,732.51
2016-07-13,2016-07-13,729.48
2016-07-14,2016-07-14,735.8
2016-07-15,2016-07-15,735.63
2016-07-18,2016-07-18,753.2
2016-07-19,2016-07-19,753.41
2016-07-20,2016-07-20,757.08
2016-07-21,2016-07-21,754.41
2016-07-22,2016-07-22,759.28
2016-07-25,2016-07-25,757.52
2016-07-26,2016-07-26,757.65
2016-07-27,2016-07-27,761.97
2016-07-28,2016-07-28,765.84
2016-07-29,2016-07-29,791.34
2016-08-01,2016-08-01,800.94
2016-08-02,2016-08-02,800.12
2016-08-03,2016-08-03,798.92
2016-08-04,2016-08-04,797.25
2016-08-05,2016-08-05,806.93
2016-08-08,2016-08-08,805.23
2016-08-09,2016-08-09,807.48
2016-08-10,2016-08-10,808.49
2016-08-11,2016-08-11,808.2
2016-08-12,2016-08-12,807.05
2016-08-15,2016-08-15,805.96
2016-08-16,2016-08-16,801.19
2016-08-17,2016-08-17,805.42
2016-08-18,2016-08-18,802.75
2016-08-19,2016-08-19,799.65
2016-08-22,2016-08-22,796.95
2016-08-23,2016-08-23,796.59
2016-08-24,2016-08-24,793.6
2016-08-25,2016-08-25,791.3
2016-08-26,2016-08-26,793.22
2016-08-29,2016-08-29,795.82
2016-08-30,2016-08-30,791.92
2016-08-31,2016-08-31,789.85
2016-09-01,2016-09-01,791.4
2016-09-02,2016-09-02,796.87
2016-09-06,2016-09-06,808.02
2016-09-07,2016-09-07,807.99
2016-09-08,2016-09-08,802.84
2016-09-09,2016-09-09,788.48
2016-09-12,2016-09-12,798.82
2016-09-13,2016-09-13,788.72
2016-09-14,2016-09-14,790.46
2016-09-15,2016-09-15,801.23
2016-09-16,2016-09-16,797.97
2016-09-19,2016-09-19,795.39
2016-09-20,2016-09-20,799.78
2016-09-21,2016-09-21,805.03
2016-09-22,2016-09-22,815.95
2016-09-23,2016-09-23,814.96
2016-09-26,2016-09-26,802.65
2016-09-27,2016-09-27,810.73
2016-09-28,2016-09-28,810.06
2016-09-29,2016-09-29,802.64
2016-09-30,2016-09-30,804.06
2016-10-03,2016-10-03,800.38
2016-10-04,2016-10-04,802.79
2016-10-05,2016-10-05,801.23
2016-10-06,2016-10-06,803.08
2016-10-07,2016-10-07,800.71
2016-10-10,2016-10-10,814.17
2016-10-11,2016-10-11,809.57
2016-10-12,2016-10-12,811.77
2016-10-13,2016-10-13,804.08
2016-10-14,2016-10-14,804.6
2016-10-17,2016-10-17,806.84
2016-10-18,2016-10-18,821.49
2016-10-19,2016-10-19,827.09
2016-10-20,2016-10-20,821.63
2016-10-21,2016-10-21,824.06
2016-10-24,2016-10-24,835.74
2016-10-25,2016-10-25,828.55
2016-10-26,2016-10-26,822.1
2016-10-27,2016-10-27,817.35
2016-10-28,2016-10-28,819.56
2016-10-31,2016-10-31,809.9
2016-11-01,2016-11-01,805.48
2016-11-02,2016-11-02,788.42
2016-11-03,2016-11-03,782.19
2016-11-04,2016-11-04,781.1
2016-11-07,2016-11-07,802.03
2016-11-08,2016-11-08,811.98
2016-11-09,2016-11-09,805.59
2016-11-10,2016-11-10,780.29
2016-11-11,2016-11-11,771.75
2016-11-14,2016-11-14,753.22
2016-11-15,2016-11-15,775.16
2016-11-16,2016-11-16,779.98
2016-11-17,2016-11-17,786.16
2016-11-18,2016-11-18,775.97
2016-11-21,2016-11-21,784.8
2016-11-22,2016-11-22,785.0
2016-11-23,2016-11-23,779.0
2016-11-25,2016-11-25,780.23
2016-11-28,2016-11-28,785.79
2016-11-29,2016-11-29,789.44
2016-11-30,2016-11-30,775.88
2016-12-01,2016-12-01,764.33
2016-12-02,2016-12-02,764.46
2016-12-05,2016-12-05,778.22
2016-12-06,2016-12-06,776.18
2016-12-07,2016-12-07,791.47
2016-12-08,2016-12-08,795.17
2016-12-09,2016-12-09,809.45
2016-12-12,2016-12-12,807.9
2016-12-13,2016-12-13,815.34
2016-12-14,2016-12-14,817.89
2016-12-15,2016-12-15,815.65
2016-12-16,2016-12-16,809.84
2016-12-19,2016-12-19,812.5
2016-12-20,2016-12-20,815.2
2016-12-21,2016-12-21,812.2
2016-12-22,2016-12-22,809.68
2016-12-23,2016-12-23,807.8
2016-12-27,2016-12-27,809.93
2016-12-28,2016-12-28,804.57
2016-12-29,2016-12-29,802.88
2016-12-30,2016-12-30,792.45
2017-01-03,2017-01-03,808.01
2017-01-04,2017-01-04,807.77
2017-01-05,2017-01-05,813.02
2017-01-06,2017-01-06,825.21
2017-01-09,2017-01-09,827.18
2017-01-10,2017-01-10,826.01
2017-01-11,2017-01-11,829.86
2017-01-12,2017-01-12,829.53
2017-01-13,2017-01-13,830.94
2017-01-17,2017-01-17,827.46
2017-01-18,2017-01-18,829.02
2017-01-19,2017-01-19,824.37
2017-01-20,2017-01-20,828.17
2017-01-23,2017-01-23,844.43
2017-01-24,2017-01-24,849.53
2017-01-25,2017-01-25,858.45
2017-01-26,2017-01-26,856.98
2017-01-27,2017-01-27,845.03
2017-01-30,2017-01-30,823.83
2017-01-31,2017-01-31,820.19
2017-02-01,2017-02-01,815.24
2017-02-02,2017-02-02,818.26
2017-02-03,2017-02-03,820.13
2017-02-06,2017-02-06,821.62
2017-02-07,2017-02-07,829.23
2017-02-08,2017-02-08,829.88
2017-02-09,2017-02-09,830.06
2017-02-10,2017-02-10,834.85
2017-02-13,2017-02-13,838.96
2017-02-14,2017-02-14,840.03
2017-02-15,2017-02-15,837.32
2017-02-16,2017-02-16,842.17
2017-02-17,2017-02-17,846.55
2017-02-21,2017-02-21,849.27
2017-02-22,2017-02-22,851.36
2017-02-23,2017-02-23,851.0
2017-02-24,2017-02-24,847.81
2017-02-27,2017-02-27,849.67
2017-02-28,2017-02-28,844.93
2017-03-01,2017-03-01,856.75
2017-03-02,2017-03-02,849.85
2017-03-03,2017-03-03,849.08
2017-03-06,2017-03-06,847.27
2017-03-07,2017-03-07,851.15
2017-03-08,2017-03-08,853.64
2017-03-09,2017-03-09,857.84
2017-03-10,2017-03-10,861.4
2017-03-13,2017-03-13,864.58
2017-03-14,2017-03-14,865.91
2017-03-15,2017-03-15,868.39
2017-03-16,2017-03-16,870.0
2017-03-17,2017-03-17,872.37
2017-03-20,2017-03-20,867.91
2017-03-21,2017-03-21,850.14
2017-03-22,2017-03-22,849.8
2017-03-23,2017-03-23,839.65
2017-03-24,2017-03-24,835.14
2017-03-27,2017-03-27,838.51
2017-03-28,2017-03-28,840.63
2017-03-29,2017-03-29,849.87
2017-03-30,2017-03-30,849.48
2017-03-31,2017-03-31,847.8
2017-04-03,2017-04-03,856.75
2017-04-04,2017-04-04,852.57
2017-04-05,2017-04-05,848.91
2017-04-06,2017-04-06,845.1
2017-04-07,2017-04-07,842.1
2017-04-10,2017-04-10,841.7
2017-04-11,2017-04-11,839.88
2017-04-12,2017-04-12,841.46
2017-04-13,2017-04-13,840.18
2017-04-17,2017-04-17,855.13
2017-04-18,2017-04-18,853.99
2017-04-19,2017-04-19,856.51
2017-04-20,2017-04-20,860.08
2017-04-21,2017-04-21,858.95
2017-04-24,2017-04-24,878.93
2017-04-25,2017-04-25,888.84
2017-04-26,2017-04-26,889.14
2017-04-27,2017-04-27,891.44
2017-04-28,2017-04-28,924.52
2017-05-01,2017-05-01,932.82
2017-05-02,2017-05-02,937.09
2017-05-03,2017-05-03,948.45
2017-05-04,2017-05-04,954.72
2017-05-05,2017-05-05,950.28
2017-05-08,2017-05-08,958.69
2017-05-09,2017-05-09,956.71
2017-05-10,2017-05-10,954.84
2017-05-11,2017-05-11,955.89
2017-05-12,2017-05-12,955.14
2017-05-15,2017-05-15,959.22
2017-05-16,2017-05-16,964.61
2017-05-17,2017-05-17,942.17
2017-05-18,2017-05-18,950.5
2017-05-19,2017-05-19,954.65
2017-05-22,2017-05-22,964.07
2017-05-23,2017-05-23,970.55
2017-05-24,2017-05-24,977.61
2017-05-25,2017-05-25,991.86
2017-05-26,2017-05-26,993.27
2017-05-30,2017-05-30,996.17
2017-05-31,2017-05-31,987.09
2017-06-01,2017-06-01,988.29
2017-06-02,2017-06-02,996.12
2017-06-05,2017-06-05,1003.88
2017-06-06,2017-06-06,996.68
2017-06-07,2017-06-07,1001.59
2017-06-08,2017-06-08,1004.28
2017-06-09,2017-06-09,970.12
2017-06-12,2017-06-12,961.81
2017-06-13,2017-06-13,970.5
2017-06-14,2017-06-14,967.93
2017-06-15,2017-06-15,960.18
2017-06-16,2017-06-16,958.62
2017-06-19,2017-06-19,975.22
2017-06-20,2017-06-20,968.99
2017-06-21,2017-06-21,978.59
2017-06-22,2017-06-22,976.62
2017-06-23,2017-06-23,986.09
2017-06-26,2017-06-26,972.09
2017-06-27,2017-06-27,948.09
2017-06-28,2017-06-28,961.01
2017-06-29,2017-06-29,937.82
2017-06-30,2017-06-30,929.68
2017-07-03,2017-07-03,919.46
2017-07-05,2017-07-05,932.26
2017-07-06,2017-07-06,927.69
2017-07-07,2017-07-07,940.81
2017-07-10,2017-07-10,951.0
2017-07-11,2017-07-11,953.53
2017-07-12,2017-07-12,967.66
2017-07-13,2017-07-13,968.85
2017-07-14,2017-07-14,976.91
2017-07-17,2017-07-17,975.96
2017-07-18,2017-07-18,986.95
2017-07-19,2017-07-19,992.77
2017-07-20,2017-07-20,992.19
2017-07-21,2017-07-21,993.84
2017-07-24,2017-07-24,998.31
2017-07-25,2017-07-25,969.03
2017-07-26,2017-07-26,965.31
2017-07-27,2017-07-27,952.51
2017-07-28,2017-07-28,958.33
2017-07-31,2017-07-31,945.5
2017-08-01,2017-08-01,946.56
2017-08-02,2017-08-02,947.64
2017-08-03,2017-08-03,940.3
2017-08-04,2017-08-04,945.79
2017-08-07,2017-08-07,945.75
2017-08-08,2017-08-08,944.19
2017-08-09,2017-08-09,940.08
2017-08-10,2017-08-10,923.59
2017-08-11,2017-08-11,930.09
2017-08-14,2017-08-14,938.93
2017-08-15,2017-08-15,938.08
2017-08-16,2017-08-16,944.27
2017-08-17,2017-08-17,927.66
2017-08-18,2017-08-18,926.18
2017-08-21,2017-08-21,920.87
2017-08-22,2017-08-22,940.4
2017-08-23,2017-08-23,942.58
2017-08-24,2017-08-24,936.89
2017-08-25,2017-08-25,930.5
2017-08-28,2017-08-28,928.13
2017-08-29,2017-08-29,935.75
2017-08-30,2017-08-30,943.63
2017-08-31,2017-08-31,955.24
2017-09-01,2017-09-01,951.99
2017-09-05,2017-09-05,941.48
2017-09-06,2017-09-06,942.02
2017-09-07,2017-09-07,949.89
2017-09-08,2017-09-08,941.41
2017-09-11,2017-09-11,943.29
2017-09-12,2017-09-12,946.65
2017-09-13,2017-09-13,950.44
2017-09-14,2017-09-14,940.13
2017-09-15,2017-09-15,935.29
2017-09-18,2017-09-18,929.75
2017-09-19,2017-09-19,936.86
2017-09-20,2017-09-20,947.54
2017-09-21,2017-09-21,947.55
2017-09-22,2017-09-22,943.26
2017-09-25,2017-09-25,934.28
2017-09-26,2017-09-26,937.43
2017-09-27,2017-09-27,959.9
2017-09-28,2017-09-28,964.81
2017-09-29,2017-09-29,973.72
2017-10-02,2017-10-02,967.47
2017-10-03,2017-10-03,972.08
2017-10-04,2017-10-04,966.78
2017-10-05,2017-10-05,985.19
2017-10-06,2017-10-06,993.64
2017-10-09,2017-10-09,992.31
2017-10-10,2017-10-10,987.8
2017-10-11,2017-10-11,1005.65
2017-10-12,2017-10-12,1005.65
2017-10-13,2017-10-13,1007.87
2017-10-16,2017-10-16,1009.35
2017-10-17,2017-10-17,1011.0
2017-10-18,2017-10-18,1012.74
2017-10-19,2017-10-19,1001.84
2017-10-20,2017-10-20,1005.07
2017-10-23,2017-10-23,985.54
2017-10-24,2017-10-24,988.49
2017-10-25,2017-10-25,991.46
2017-10-26,2017-10-26,991.42
2017-10-27,2017-10-27,1033.67
2017-10-30,2017-10-30,1033.13
2017-10-31,2017-10-31,1033.04
2017-11-01,2017-11-01,1042.6
2017-11-02,2017-11-02,1042.97
2017-11-03,2017-11-03,1049.99
2017-11-06,2017-11-06,1042.68
2017-11-07,2017-11-07,1052.39
2017-11-08,2017-11-08,1058.29
2017-11-09,2017-11-09,1047.72
2017-11-10,2017-11-10,1044.15
2017-11-13,2017-11-13,1041.2
2017-11-14,2017-11-14,1041.64
2017-11-15,2017-11-15,1036.41
2017-11-16,2017-11-16,1048.47
2017-11-17,2017-11-17,1035.89
2017-11-20,2017-11-20,1034.66
2017-11-21,2017-11-21,1050.3
2017-11-22,2017-11-22,1051.92
2017-11-24,2017-11-24,1056.52
2017-11-27,2017-11-27,1072.01
2017-11-28,2017-11-28,1063.29
2017-11-29,2017-11-29,1037.38
2017-11-30,2017-11-30,1036.17
2017-12-01,2017-12-01,1025.07
2017-12-04,2017-12-04,1011.87
2017-12-05,2017-12-05,1019.6
2017-12-06,2017-12-06,1032.72
2017-12-07,2017-12-07,1044.57
2017-12-08,2017-12-08,1049.38
2017-12-11,2017-12-11,1051.97
2017-12-12,2017-12-12,1048.77
2017-12-13,2017-12-13,1051.39
2017-12-14,2017-12-14,1057.47
2017-12-15,2017-12-15,1072.0
2017-12-18,2017-12-18,1085.09
2017-12-19,2017-12-19,1079.78
2017-12-20,2017-12-20,1073.56
2017-12-21,2017-12-21,1070.85
2017-12-22,2017-12-22,1068.86
2017-12-26,2017-12-26,1065.85
2017-12-27,2017-12-27,1060.2
2017-12-28,2017-12-28,1055.95
2017-12-29,2017-12-29,1053.4
2018-01-02,2018-01-02,1073.21
2018-01-03,2018-01-03,1091.52
2018-01-04,2018-01-04,1095.76
2018-01-05,2018-01-05,1110.29
2018-01-08,2018-01-08,1114.21
2018-01-09,2018-01-09,1112.79
2018-01-10,2018-01-10,1110.14
2018-01-11,2018-01-11,1112.05
2018-01-12,2018-01-12,1130.65
2018-01-16,2018-01-16,1130.7
2018-01-17,2018-01-17,1139.1
2018-01-18,2018-01-18,1135.97
2018-01-19,2018-01-19,1143.5
2018-01-22,2018-01-22,1164.16
2018-01-23,2018-01-23,1176.17
2018-01-24,2018-01-24,1171.29
2018-01-25,2018-01-25,1182.14
2018-01-26,2018-01-26,1187.56
2018-01-29,2018-01-29,1186.48
2018-01-30,2018-01-30,1177.37
2018-01-31,2018-01-31,1182.22
2018-02-01,2018-02-01,1181.59
2018-02-02,2018-02-02,1119.2
2018-02-05,2018-02-05,1062.39
2018-02-06,2018-02-06,1084.43
2018-02-07,2018-02-07,1055.41
2018-02-08,2018-02-08,1007.71
2018-02-09,2018-02-09,1046.27
2018-02-12,2018-02-12,1054.56
2018-02-13,2018-02-13,1054.14
2018-02-14,2018-02-14,1072.7
2018-02-15,2018-02-15,1091.36
2018-02-16,2018-02-16,1095.5
2018-02-20,2018-02-20,1103.59
2018-02-21,2018-02-21,1113.75
2018-02-22,2018-02-22,1109.9
2018-02-23,2018-02-23,1128.09
2018-02-26,2018-02-26,1143.7
2018-02-27,2018-02-27,1117.51
2018-02-28,2018-02-28,1103.92
2018-03-01,2018-03-01,1071.41
2018-03-02,2018-03-02,1084.14
2018-03-05,2018-03-05,1094.76
2018-03-06,2018-03-06,1100.9
2018-03-07,2018-03-07,1115.04
2018-03-08,2018-03-08,1129.38
2018-03-09,2018-03-09,1160.84
2018-03-12,2018-03-12,1165.93
2018-03-13,2018-03-13,1139.91
2018-03-14,2018-03-14,1148.89
2018-03-15,2018-03-15,1150.61
2018-03-16,2018-03-16,1134.42
2018-03-19,2018-03-19,1100.07
2018-03-20,2018-03-20,1095.8
2018-03-21,2018-03-21,1094.0
2018-03-22,2018-03-22,1053.15
2018-03-23,2018-03-23,1026.55
2018-03-26,2018-03-26,1054.09
2018-03-27,2018-03-27,1006.94
2018-03-28,2018-03-28,1005.18
2018-03-29,2018-03-29,1037.14
2018-04-02,2018-04-02,1012.63
2018-04-03,2018-04-03,1018.68
2018-04-04,2018-04-04,1029.71
2018-04-05,2018-04-05,1032.64
2018-04-06,2018-04-06,1009.95
2018-04-09,2018-04-09,1020.09
2018-04-10,2018-04-10,1036.5
2018-04-11,2018-04-11,1025.06
2018-04-12,2018-04-12,1037.29
2018-04-13,2018-04-13,1036.04
2018-04-16,2018-04-16,1046.1
2018-04-17,2018-04-17,1079.36
2018-04-18,2018-04-18,1075.39
2018-04-19,2018-04-19,1089.45
2018-04-20,2018-04-20,1077.32
2018-04-23,2018-04-23,1073.81
2018-04-24,2018-04-24,1022.64
2018-04-25,2018-04-25,1022.99
2018-04-26,2018-04-26,1043.31
2018-04-27,2018-04-27,1031.45
2018-04-30,2018-04-30,1018.58
2018-05-01,2018-05-01,1040.75
2018-05-02,2018-05-02,1026.05
2018-05-03,2018-05-03,1026.3
2018-05-04,2018-05-04,1051.0
2018-05-07,2018-05-07,1059.46
2018-05-08,2018-05-08,1058.59
2018-05-09,2018-05-09,1088.95
2018-05-10,2018-05-10,1105.47
2018-05-11,2018-05-11,1103.38
2018-05-14,2018-05-14,1106.6
2018-05-15,2018-05-15,1084.87
2018-05-16,2018-05-16,1084.09
2018-05-17,2018-05-17,1081.26
2018-05-18,2018-05-18,1069.64
2018-05-21,2018-05-21,1084.01
2018-05-22,2018-05-22,1075.31
2018-05-23,2018-05-23,1085.96
2018-05-24,2018-05-24,1085.45
2018-05-25,2018-05-25,1084.08
2018-05-29,2018-05-29,1068.07
2018-05-30,2018-05-30,1077.47
2018-05-31,2018-05-31,1100.0
2018-06-01,2018-06-01,1135.0
2018-06-04,2018-06-04,1153.04
2018-06-05,2018-06-05,1151.02
2018-06-06,2018-06-06,1146.95
2018-06-07,2018-06-07,1134.42
2018-06-08,2018-06-08,1132.71
2018-06-11,2018-06-11,1140.9
2018-06-12,2018-06-12,1148.19
2018-06-13,2018-06-13,1144.23
2018-06-14,2018-06-14,1160.11
2018-06-15,2018-06-15,1159.27
2018-06-18,2018-06-18,1183.58
2018-06-19,2018-06-19,1178.69
2018-06-20,2018-06-20,1184.07
2018-06-21,2018-06-21,1169.44
2018-06-22,2018-06-22,1169.29
2018-06-25,2018-06-25,1139.28
2018-06-26,2018-06-26,1132.62
2018-06-27,2018-06-27,1116.94
2018-06-28,2018-06-28,1126.78
2018-06-29,2018-06-29,1129.19
2018-07-02,2018-07-02,1142.11
2018-07-03,2018-07-03,1116.28
2018-07-05,2018-07-05,1141.29
2018-07-06,2018-07-06,1155.08
2018-07-09,2018-07-09,1167.28
2018-07-10,2018-07-10,1167.14
2018-07-11,2018-07-11,1171.46
2018-07-12,2018-07-12,1201.26
2018-07-13,2018-07-13,1204.42
2018-07-16,2018-07-16,1196.51
2018-07-17,2018-07-17,1213.08
2018-07-18,2018-07-18,1212.91
2018-07-19,2018-07-19,1199.1
2018-07-20,2018-07-20,1197.88
2018-07-23,2018-07-23,1211.0
2018-07-24,2018-07-24,1258.15
2018-07-25,2018-07-25,1275.94
2018-07-26,2018-07-26,1285.5
2018-07-27,2018-07-27,1252.89
2018-07-30,2018-07-30,1230.04
2018-07-31,2018-07-31,1227.22
2018-08-01,2018-08-01,1232.99
2018-08-02,2018-08-02,1241.13
2018-08-03,2018-08-03,1238.16
2018-08-06,2018-08-06,1237.67
2018-08-07,2018-08-07,1255.84
2018-08-08,2018-08-08,1261.33
2018-08-09,2018-08-09,1264.46
2018-08-10,2018-08-10,1252.51
2018-08-13,2018-08-13,1248.64
2018-08-14,2018-08-14,1258.14
2018-08-15,2018-08-15,1232.22
2018-08-16,2018-08-16,1224.06
2018-08-17,2018-08-17,1215.85
2018-08-20,2018-08-20,1221.95
2018-08-21,2018-08-21,1217.41
2018-08-22,2018-08-22,1221.75
2018-08-23,2018-08-23,1221.16
2018-08-24,2018-08-24,1236.75
2018-08-27,2018-08-27,1256.27
2018-08-28,2018-08-28,1245.86
2018-08-29,2018-08-29,1264.65
2018-08-30,2018-08-30,1254.44
2018-08-31,2018-08-31,1231.8
2018-09-04,2018-09-04,1211.31
2018-09-05,2018-09-05,1199.1
2018-09-06,2018-09-06,1183.99
2018-09-07,2018-09-07,1177.59
2018-09-10,2018-09-10,1175.06
2018-09-11,2018-09-11,1189.99
2018-09-12,2018-09-12,1171.6
2018-09-13,2018-09-13,1182.14
2018-09-14,2018-09-14,1177.98
2018-09-17,2018-09-17,1159.83
2018-09-18,2018-09-18,1167.11
2018-09-19,2018-09-19,1174.27
2018-09-20,2018-09-20,1191.57
2018-09-21,2018-09-21,1172.12
2018-09-24,2018-09-24,1179.56
2018-09-25,2018-09-25,1193.89
2018-09-26,2018-09-26,1194.06
2018-09-27,2018-09-27,1207.36
2018-09-28,2018-09-28,1207.08
2018-10-01,2018-10-01,1208.53
2018-10-02,2018-10-02,1207.64
2018-10-03,2018-10-03,1211.53
2018-10-04,2018-10-04,1177.07
2018-10-05,2018-10-05,1167.83
2018-10-08,2018-10-08,1155.92
2018-10-09,2018-10-09,1145.17
2018-10-10,2018-10-10,1092.16
2018-10-11,2018-10-11,1090.74
2018-10-12,2018-10-12,1120.54
2018-10-15,2018-10-15,1102.44
2018-10-16,2018-10-16,1133.08
2018-10-17,2018-10-17,1127.59
2018-10-18,2018-10-18,1097.91
2018-10-19,2018-10-19,1105.18
2018-10-22,2018-10-22,1111.37
2018-10-23,2018-10-23,1114.91
2018-10-24,2018-10-24,1057.12
2018-10-25,2018-10-25,1103.59
2018-10-26,2018-10-26,1083.75
2018-10-29,2018-10-29,1034.73
2018-10-30,2018-10-30,1049.51
2018-10-31,2018-10-31,1090.58
2018-11-01,2018-11-01,1085.98
2018-11-02,2018-11-02,1071.49
2018-11-05,2018-11-05,1055.73
2018-11-06,2018-11-06,1069.57
2018-11-07,2018-11-07,1108.24
2018-11-08,2018-11-08,1094.63
2018-11-09,2018-11-09,1077.02
2018-11-12,2018-11-12,1049.36
2018-11-13,2018-11-13,1047.97
2018-11-14,2018-11-14,1054.58
2018-11-15,2018-11-15,1071.05
2018-11-16,2018-11-16,1068.27
2018-11-19,2018-11-19,1027.42
2018-11-20,2018-11-20,1030.45
2018-11-21,2018-11-21,1043.43
2018-11-23,2018-11-23,1030.1
2018-11-26,2018-11-26,1055.94
2018-11-27,2018-11-27,1052.28
2018-11-28,2018-11-28,1091.79
2018-11-29,2018-11-29,1094.58
2018-11-30,2018-11-30,1109.65
2018-12-03,2018-12-03,1116.36
2018-12-04,2018-12-04,1062.47
2018-12-06,2018-12-06,1078.08
2018-12-07,2018-12-07,1046.58
2018-12-10,2018-12-10,1053.18
2018-12-11,2018-12-11,1061.65
2018-12-12,2018-12-12,1073.73
2018-12-13,2018-12-13,1073.54
2018-12-14,2018-12-14,1051.71
2018-12-17,2018-12-17,1025.65
2018-12-18,2018-12-18,1043.41
2018-12-19,2018-12-19,1035.46
2018-12-20,2018-12-20,1023.58
2018-12-21,2018-12-21,991.25
2018-12-24,2018-12-24,984.67
2018-12-26,2018-12-26,1047.85
2018-12-27,2018-12-27,1052.9
2018-12-28,2018-12-28,1046.68
2018-12-31,2018-12-31,1044.96
2019-01-02,2019-01-02,1054.68
2019-01-03,2019-01-03,1025.47
2019-01-04,2019-01-04,1078.07
2019-01-07,2019-01-07,1075.92
2019-01-08,2019-01-08,1085.37
2019-01-09,2019-01-09,1081.65
2019-01-10,2019-01-10,1078.83
2019-01-11,2019-01-11,1064.47
2019-01-14,2019-01-14,1051.51
2019-01-15,2019-01-15,1086.51
2019-01-16,2019-01-16,1089.51
2019-01-17,2019-01-17,1099.12
2019-01-18,2019-01-18,1107.3
2019-01-22,2019-01-22,1078.63
2019-01-23,2019-01-23,1084.41
2019-01-24,2019-01-24,1084.0
2019-01-25,2019-01-25,1101.51
2019-01-28,2019-01-28,1079.86
2019-01-29,2019-01-29,1070.06
2019-01-30,2019-01-30,1097.99
2019-01-31,2019-01-31,1125.89
2019-02-01,2019-02-01,1118.62
2019-02-04,2019-02-04,1141.42
2019-02-05,2019-02-05,1151.87
2019-02-06,2019-02-06,1122.89
2019-02-07,2019-02-07,1105.91
2019-02-08,2019-02-08,1102.38
2019-02-11,2019-02-11,1102.12
2019-02-12,2019-02-12,1127.58
2019-02-13,2019-02-13,1128.63
2019-02-14,2019-02-14,1129.2
2019-02-15,2019-02-15,1119.63
2019-02-19,2019-02-19,1126.51
2019-02-20,2019-02-20,1120.59
2019-02-21,2019-02-21,1104.21
2019-02-22,2019-02-22,1116.56
2019-02-25,2019-02-25,1117.33
2019-02-26,2019-02-26,1122.01
2019-02-27,2019-02-27,1122.89
2019-02-28,2019-02-28,1126.55
2019-03-01,2019-03-01,1148.52
2019-03-04,2019-03-04,1153.42
2019-03-05,2019-03-05,1169.19
2019-03-06,2019-03-06,1164.94
2019-03-07,2019-03-07,1150.85
2019-03-08,2019-03-08,1149.97
2019-03-11,2019-03-11,1179.26
2019-03-12,2019-03-12,1197.25
2019-03-13,2019-03-13,1199.06
2019-03-14,2019-03-14,1192.53
2019-03-15,2019-03-15,1190.3
2019-03-18,2019-03-18,1188.55
2019-03-19,2019-03-19,1202.46
2019-03-20,2019-03-20,1226.43
2019-03-21,2019-03-21,1236.13
2019-03-22,2019-03-22,1207.65
2019-03-25,2019-03-25,1197.38
2019-03-26,2019-03-26,1189.84
2019-03-27,2019-03-27,1178.01
2019-03-28,2019-03-28,1172.27
2019-03-29,2019-03-29,1176.89
2019-04-01,2019-04-01,1198.98
2019-04-02,2019-04-02,1205.54
2019-04-03,2019-04-03,1210.81
2019-04-04,2019-04-04,1219.45
2019-04-05,2019-04-05,1211.45
2019-04-08,2019-04-08,1208.28
2019-04-09,2019-04-09,1202.69
2019-04-10,2019-04-10,1206.45
2019-04-11,2019-04-11,1209.59
2019-04-12,2019-04-12,1222.73
2019-04-15,2019-04-15,1226.53
2019-04-16,2019-04-16,1231.91
2019-04-17,2019-04-17,1240.14
2019-04-18,2019-04-18,1241.47
2019-04-22,2019-04-22,1253.76
2019-04-23,2019-04-23,1270.59
2019-04-24,2019-04-24,1260.05
2019-04-25,2019-04-25,1267.34
2019-04-26,2019-04-26,1277.42
2019-04-29,2019-04-29,1296.2
2019-04-30,2019-04-30,1198.96
2019-05-01,2019-05-01,1173.32
2019-05-02,2019-05-02,1166.51
2019-05-03,2019-05-03,1189.55
2019-05-06,2019-05-06,1193.46
2019-05-07,2019-05-07,1178.86
2019-05-08,2019-05-08,1170.78
2019-05-09,2019-05-09,1167.97
2019-05-10,2019-05-10,1167.64
2019-05-13,2019-05-13,1136.59
2019-05-14,2019-05-14,1124.86
2019-05-15,2019-05-15,1170.8
2019-05-16,2019-05-16,1184.5
2019-05-17,2019-05-17,1168.78
2019-05-20,2019-05-20,1144.66
2019-05-21,2019-05-21,1154.44
2019-05-22,2019-05-22,1155.85
2019-05-23,2019-05-23,1145.34
2019-05-24,2019-05-24,1138.61
2019-05-28,2019-05-28,1139.56
2019-05-29,2019-05-29,1119.94
2019-05-30,2019-05-30,1121.41
2019-05-31,2019-05-31,1106.5
2019-06-03,2019-06-03,1038.74
2019-06-04,2019-06-04,1054.49
2019-06-05,2019-06-05,1044.64
2019-06-06,2019-06-06,1047.76
2019-06-07,2019-06-07,1068.37
2019-06-10,2019-06-10,1082.76
2019-06-11,2019-06-11,1081.04
2019-06-12,2019-06-12,1079.1
2019-06-13,2019-06-13,1091.01
2019-06-14,2019-06-14,1086.3
2019-06-17,2019-06-17,1093.89
2019-06-18,2019-06-18,1105.24
2019-06-19,2019-06-19,1104.51
2019-06-20,2019-06-20,1113.2
2019-06-21,2019-06-21,1125.37
2019-06-24,2019-06-24,1116.7
2019-06-25,2019-06-25,1087.58
2019-06-26,2019-06-26,1080.32
2019-06-27,2019-06-27,1076.63
2019-06-28,2019-06-28,1082.8
2019-07-01,2019-07-01,1100.0
2019-07-02,2019-07-02,1112.6
2019-07-03,2019-07-03,1122.99
2019-07-05,2019-07-05,1132.66
2019-07-08,2019-07-08,1116.79
2019-07-09,2019-07-09,1124.29
2019-07-10,2019-07-10,1140.91
2019-07-11,2019-07-11,1144.08
2019-07-12,2019-07-12,1145.34
2019-07-15,2019-07-15,1150.51
2019-07-16,2019-07-16,1153.46
2019-07-17,2019-07-17,1146.74
2019-07-18,2019-07-18,1147.24
2019-07-19,2019-07-19,1131.55
2019-07-22,2019-07-22,1139.21
2019-07-23,2019-07-23,1148.05
2019-07-24,2019-07-24,1139.73
2019-07-25,2019-07-25,1135.94
2019-07-26,2019-07-26,1245.22
2019-07-29,2019-07-29,1241.84
2019-07-30,2019-07-30,1228.0
2019-07-31,2019-07-31,1218.2
2019-08-01,2019-08-01,1211.78
2019-08-02,2019-08-02,1196.32
2019-08-05,2019-08-05,1154.75
2019-08-06,2019-08-06,1171.08
2019-08-07,2019-08-07,1175.91
2019-08-08,2019-08-08,1206.19
2019-08-09,2019-08-09,1188.9
2019-08-12,2019-08-12,1174.5
2019-08-13,2019-08-13,1196.73
2019-08-14,2019-08-14,1164.25
2019-08-15,2019-08-15,1169.32
2019-08-16,2019-08-16,1179.21
2019-08-19,2019-08-19,1200.44
2019-08-20,2019-08-20,1183.53
2019-08-21,2019-08-21,1191.58
2019-08-22,2019-08-22,1191.52
2019-08-23,2019-08-23,1153.58
2019-08-26,2019-08-26,1171.18
2019-08-27,2019-08-27,1170.82
2019-08-28,2019-08-28,1173.75
2019-08-29,2019-08-29,1194.24
2019-08-30,2019-08-30,1190.53
2019-09-03,2019-09-03,1169.55
2019-09-04,2019-09-04,1182.27
2019-09-05,2019-09-05,1212.19
2019-09-06,2019-09-06,1206.32
2019-09-09,2019-09-09,1205.27
2019-09-10,2019-09-10,1205.7
2019-09-11,2019-09-11,1220.0
2019-09-12,2019-09-12,1234.97
2019-09-13,2019-09-13,1240.03
2019-09-16,2019-09-16,1231.63
2019-09-17,2019-09-17,1229.88
2019-09-18,2019-09-18,1232.65
2019-09-19,2019-09-19,1238.75
2019-09-20,2019-09-20,1229.84
2019-09-23,2019-09-23,1234.69
2019-09-24,2019-09-24,1218.33
2019-09-25,2019-09-25,1245.94
2019-09-26,2019-09-26,1242.29
2019-09-27,2019-09-27,1225.95
2019-09-30,2019-09-30,1221.14
2019-10-01,2019-10-01,1206.0
2019-10-02,2019-10-02,1177.92
2019-10-03,2019-10-03,1189.43
2019-10-04,2019-10-04,1210.96
2019-10-07,2019-10-07,1208.25
2019-10-08,2019-10-08,1190.13
2019-10-09,2019-10-09,1202.4
2019-10-10,2019-10-10,1209.47
2019-10-11,2019-10-11,1215.71
2019-10-14,2019-10-14,1217.77
2019-10-15,2019-10-15,1242.24
2019-10-16,2019-10-16,1243.0
2019-10-17,2019-10-17,1252.8
2019-10-18,2019-10-18,1244.41
2019-10-21,2019-10-21,1244.28
2019-10-22,2019-10-22,1241.2
2019-10-23,2019-10-23,1257.63
2019-10-24,2019-10-24,1259.11
2019-10-25,2019-10-25,1264.3
2019-10-28,2019-10-28,1288.98
2019-10-29,2019-10-29,1260.66
2019-10-30,2019-10-30,1260.7
2019-10-31,2019-10-31,1258.8
2019-11-01,2019-11-01,1272.25
2019-11-04,2019-11-04,1289.61
2019-11-05,2019-11-05,1291.44
2019-11-06,2019-11-06,1291.01
2019-11-07,2019-11-07,1306.94
2019-11-08,2019-11-08,1309.0
2019-11-11,2019-11-11,1298.28
2019-11-12,2019-11-12,1297.21
2019-11-13,2019-11-13,1296.18
2019-11-14,2019-11-14,1309.15
2019-11-15,2019-11-15,1333.54
2019-11-18,2019-11-18,1319.84
2019-11-19,2019-11-19,1312.59
2019-11-20,2019-11-20,1301.86
2019-11-21,2019-11-21,1300.14
2019-11-22,2019-11-22,1293.67
2019-11-25,2019-11-25,1305.64
2019-11-26,2019-11-26,1313.0
2019-11-27,2019-11-27,1312.13
2019-11-29,2019-11-29,1304.09
2019-12-02,2019-12-02,1288.86
2019-12-03,2019-12-03,1294.74
2019-12-04,2019-12-04,1318.94
2019-12-05,2019-12-05,1326.96
2019-12-06,2019-12-06,1339.39
2019-12-09,2019-12-09,1342.99
2019-12-10,2019-12-10,1342.89
2019-12-11,2019-12-11,1344.25
2019-12-12,2019-12-12,1348.49
2019-12-13,2019-12-13,1346.87
2019-12-16,2019-12-16,1360.7
2019-12-17,2019-12-17,1354.89
2019-12-18,2019-12-18,1351.91
2019-12-19,2019-12-19,1356.44
2019-12-20,2019-12-20,1351.22
2019-12-23,2019-12-23,1350.63
2019-12-24,2019-12-24,1344.43
2019-12-26,2019-12-26,1362.47
2019-12-27,2019-12-27,1354.64
2019-12-30,2019-12-30,1339.71
2019-12-31,2019-12-31,1339.39
